# OBJ File Exported By Crafty (c) 2006 Ryan Gregg
# http://nemesis.thewavelength.net/

mtllib Hat.mtl

v -0.513745 2.813737 3.536795
v -0.054209 2.936038 3.528638
v -0.457121 2.806166 4.245057
v 1.198568 3.227543 3.519139
v 2.768083 3.390578 3.507235
v 4.252371 3.186831 3.486120
v 4.419180 3.031441 4.222422
v 4.402458 3.091650 5.392159
v 4.281528 2.883537 6.109551
v 4.120136 2.389016 6.647625
v 3.842148 1.894667 7.054006
v 3.383965 1.189145 7.349547
v 2.890719 0.493942 7.535126
v 2.509931 0.508048 7.533875
v 2.535034 -0.192299 7.557611
v 2.637967 1.180440 7.348441
v 2.708534 1.918882 7.078304
v 2.719118 2.488686 6.694954
v 2.675533 2.863379 6.078230
v 2.705475 3.167001 5.336247
v 2.808510 3.270789 4.220586
v 1.187475 3.222568 4.229517
v 1.322012 3.048683 5.392709
v -0.220312 2.661685 5.410117
v 1.460139 2.717276 6.111612
v 0.086490 2.425873 6.132428
v 1.468906 2.159262 6.694989
v 0.404233 2.062199 6.742995
v 1.852085 0.466346 7.534416
v 1.714576 1.159664 7.225376
v 1.640203 1.614083 7.079080
v 0.802837 1.602403 7.103204
v 1.281107 1.079404 7.370997
v 1.714576 -1.826662 7.225374
v 1.852085 -1.133344 7.534414
v 2.535034 -0.474698 7.557611
v 2.890719 -1.160940 7.535126
v 2.509931 -1.175046 7.533875
v 3.383964 -1.856142 7.349547
v 2.637967 -1.847437 7.348443
v 3.842148 -2.561665 7.054006
v 2.708534 -2.585880 7.078304
v 4.120136 -3.056013 6.647624
v 4.281528 -3.550534 6.109550
v 4.402458 -3.758647 5.392159
v 4.419180 -3.538977 4.222422
v 4.252371 -3.853828 3.486119
v 2.768083 -4.057575 3.507235
v 1.198568 -3.894541 3.519139
v -0.054209 -3.603035 3.528638
v -0.513745 -3.480735 3.536795
v 1.281107 -1.746401 7.370996
v 2.719118 -3.155684 6.694954
v 1.640203 -2.281081 7.079078
v 2.675533 -3.530377 6.078230
v 2.705475 -3.833998 5.336247
v 2.808510 -3.937787 4.220586
v -0.457121 -3.473164 4.245057
v 1.187475 -3.889565 4.229517
v 1.468906 -2.826260 6.694989
v 0.802837 -2.269400 7.103204
v 1.460139 -3.384274 6.111612
v 1.322012 -3.715681 5.392709
v -0.220312 -3.328683 5.410117
v 0.404233 -2.729197 6.742995
v 0.086490 -3.092870 6.132429
v -1.801112 0.447706 4.398662
v -1.829044 0.690104 3.963615
v -1.860975 0.760563 3.533223
v -0.637493 2.762204 3.485563
v -1.744400 1.287443 3.492613
v -1.584889 1.262411 4.193638
v -0.051768 2.362219 6.133481
v -0.391133 2.629716 5.411412
v -1.433939 1.201989 5.030661
v -0.595379 2.742514 4.246107
v -1.657519 -0.202889 4.707119
v -1.782925 0.085181 4.626749
v -0.960232 1.124080 5.968423
v 0.265974 1.998547 6.744046
v 0.664579 1.538750 7.104253
v 1.732553 0.352477 7.535491
v -1.349490 -0.237414 5.874183
v 2.352605 -0.242750 7.498384
v 1.148784 1.025638 7.372001
v 1.515326 0.076259 7.567605
v -0.960864 -0.237414 6.636421
v -0.346292 1.032104 6.569574
v 0.165144 0.716282 7.035257
v -0.381257 -0.237414 7.084240
v 1.443883 -0.237414 7.537508
v 0.762021 0.318374 7.407567
v 0.579882 -0.237414 7.431628
v -1.829044 -1.357101 3.963614
v -1.860975 -1.427561 3.533223
v -0.637493 -3.429202 3.485563
v -1.744400 -1.954441 3.492613
v -1.584889 -1.929408 4.193638
v -0.595379 -3.409511 4.246107
v -0.391132 -3.296714 5.411412
v -1.433939 -1.868987 5.030661
v -1.801112 -1.114704 4.398662
v -1.657519 -0.464108 4.707118
v -1.782925 -0.752179 4.626750
v -1.349490 -0.429583 5.874183
v -0.960864 -0.429583 6.636421
v -0.381256 -0.429583 7.084241
v 0.579882 -0.429583 7.431629
v 1.443883 -0.429583 7.537508
v 2.352606 -0.424248 7.498384
v 0.762021 -0.985371 7.407567
v 1.732553 -1.019474 7.535491
v 1.148784 -1.692636 7.372001
v 1.515326 -0.743256 7.567605
v 0.165144 -1.383279 7.035257
v 0.664579 -2.205748 7.104253
v -0.960232 -1.791077 5.968423
v -0.051768 -3.029217 6.133479
v -0.346292 -1.699101 6.569574
v 0.265974 -2.665544 6.744047
v -1.657519 -0.464108 4.707118
v -1.782925 -0.752179 4.626750
v -1.801112 -1.114704 4.398662
v -1.829044 -1.357101 3.963614
v -1.860975 -1.427561 3.533223
v -0.391132 -3.296714 5.411412
v -0.637493 -3.429202 3.485563
v -1.584889 -1.929408 4.193638
v -0.595379 -3.409511 4.246107
v -1.744400 -1.954441 3.492613
v -1.349490 -0.429583 5.874183
v -0.960864 -0.429583 6.636421
v -0.381256 -0.429583 7.084241
v 0.579882 -0.429583 7.431629
v 1.443883 -0.429583 7.537508
v 2.352606 -0.424248 7.498384
v 1.148784 -1.692636 7.372001
v 0.762021 -0.985371 7.407567
v 1.732553 -1.019474 7.535491
v 1.515326 -0.743256 7.567605
v 0.165144 -1.383279 7.035257
v 0.664579 -2.205748 7.104253
v -0.346292 -1.699101 6.569574
v -0.960232 -1.791077 5.968423
v -0.051768 -3.029217 6.133479
v 0.265974 -2.665544 6.744047
v -1.433939 -1.868987 5.030661
v -1.860975 0.760563 3.533223
v -1.829044 0.690104 3.963615
v -0.637493 2.762204 3.485563
v -1.744400 1.287443 3.492613
v -1.584889 1.262411 4.193638
v -0.595379 2.742514 4.246107
v -0.391133 2.629716 5.411412
v -1.801112 0.447706 4.398662
v -1.433939 1.201989 5.030661
v -1.657519 -0.202889 4.707119
v -1.782925 0.085181 4.626749
v -0.051768 2.362219 6.133481
v -1.349490 -0.237414 5.874183
v -0.960232 1.124080 5.968423
v -0.960864 -0.237414 6.636421
v -0.381257 -0.237414 7.084240
v 0.579882 -0.237414 7.431628
v 1.443883 -0.237414 7.537508
v 2.352605 -0.242750 7.498384
v 1.732553 0.352477 7.535491
v 0.762021 0.318374 7.407567
v 1.148784 1.025638 7.372001
v 1.515326 0.076259 7.567605
v -0.346292 1.032104 6.569574
v 0.265974 1.998547 6.744046
v 0.664579 1.538750 7.104253
v 0.165144 0.716282 7.035257
v 1.281107 1.079404 7.370997
v 0.802837 1.602403 7.103204
v 0.404233 2.062199 6.742995
v 0.086490 2.425873 6.132428
v -0.220312 2.661685 5.410117
v 1.460139 2.717276 6.111612
v 1.322012 3.048683 5.392709
v 4.419180 3.031441 4.222422
v 4.252371 3.186831 3.486120
v 2.808510 3.270789 4.220586
v 2.768083 3.390578 3.507235
v -0.513745 2.813737 3.536795
v 1.187475 3.222568 4.229517
v 1.198568 3.227543 3.519139
v -0.457121 2.806166 4.245057
v 1.468906 2.159262 6.694989
v -0.054209 2.936038 3.528638
v 1.640203 1.614083 7.079080
v 1.714576 1.159664 7.225376
v 1.852085 0.466346 7.534416
v 2.535034 -0.192299 7.557611
v 2.890719 0.493942 7.535126
v 2.509931 0.508048 7.533875
v 2.637967 1.180440 7.348441
v 3.383965 1.189145 7.349547
v 3.842148 1.894667 7.054006
v 2.708534 1.918882 7.078304
v 2.675533 2.863379 6.078230
v 2.705475 3.167001 5.336247
v 2.719118 2.488686 6.694954
v 4.402458 3.091650 5.392159
v 4.120136 2.389016 6.647625
v 4.281528 2.883537 6.109551
v -0.513745 -3.480735 3.536795
v -0.054209 -3.603035 3.528638
v 1.198568 -3.894541 3.519139
v 4.252371 -3.853828 3.486119
v 2.768083 -4.057575 3.507235
v 4.419180 -3.538977 4.222422
v 4.402458 -3.758647 5.392159
v 4.281528 -3.550534 6.109550
v 4.120136 -3.056013 6.647624
v 3.842148 -2.561665 7.054006
v 3.383964 -1.856142 7.349547
v 2.890719 -1.160940 7.535126
v 2.535034 -0.474698 7.557611
v 2.509931 -1.175046 7.533875
v 2.637967 -1.847437 7.348443
v 2.708534 -2.585880 7.078304
v 2.719118 -3.155684 6.694954
v 2.675533 -3.530377 6.078230
v 2.808510 -3.937787 4.220586
v 2.705475 -3.833998 5.336247
v -0.457121 -3.473164 4.245057
v 1.187475 -3.889565 4.229517
v -0.220312 -3.328683 5.410117
v 1.322012 -3.715681 5.392709
v 1.460139 -3.384274 6.111612
v 0.086490 -3.092870 6.132429
v 1.468906 -2.826260 6.694989
v 0.404233 -2.729197 6.742995
v 1.852085 -1.133344 7.534414
v 1.714576 -1.826662 7.225374
v 1.640203 -2.281081 7.079078
v 0.802837 -2.269400 7.103204
v 1.281107 -1.746401 7.370996
v -1.860975 0.760563 3.533223
v -0.637493 2.762204 3.485563
v -1.744400 1.287443 3.492613
v -1.860975 0.760563 3.533223
v -1.906708 0.767725 3.521219
v -1.957089 0.768751 3.331353
v -1.894914 0.740769 3.329251
v -1.744400 1.287443 3.492613
v -0.637493 2.762204 3.485563
v -0.656686 2.867121 3.488195
v -1.822137 1.348047 3.301044
v -1.744400 1.287443 3.315622
v -0.637493 2.762204 3.308570
v -1.820304 1.348047 3.542647
v -0.722417 2.847145 3.292704
v -0.501532 2.947734 3.291029
v -0.513745 2.813737 3.359804
v -0.513745 2.813737 3.536795
v -0.054209 2.936038 3.351648
v -0.054209 2.936038 3.528638
v 1.198567 3.227543 3.342147
v 1.208144 3.405536 3.278064
v 4.168157 3.279074 3.126162
v 2.766479 3.556834 3.266247
v 1.198568 3.227543 3.519139
v 2.768083 3.390578 3.330243
v 2.768083 3.390578 3.507235
v 4.252371 3.186831 3.486119
v 4.252370 3.186831 3.309127
v -0.045488 3.113447 3.287571
v -0.513745 2.813737 3.536795
v -0.533326 2.923298 3.487258
v -0.054209 2.936038 3.528638
v -0.043655 3.113447 3.529173
v 1.198568 3.227543 3.519139
v 1.209977 3.405536 3.519666
v 2.768312 3.556834 3.507849
v 4.168157 3.279074 3.126162
v 4.333307 3.230057 3.101440
v 4.574211 3.167908 3.435695
v 4.696799 3.245291 3.397424
v 4.252371 3.186831 3.486119
v 2.768083 3.390578 3.507235
v 4.201129 3.270408 3.367282
v -1.977066 -1.368928 3.343893
v -1.915602 -1.376051 3.526110
v -2.242085 -0.335554 3.345078
v -2.200345 -0.334582 3.525931
v -1.854229 0.706887 3.525752
v -1.876245 0.697820 3.346264
v -2.242085 -0.335554 3.345078
v -1.977066 -1.368928 3.343893
v -2.200345 -0.334582 3.525931
v -1.915602 -1.376051 3.526110
v 3.637353 1.190681 7.349744
v 3.149724 0.474553 7.508986
v 3.381879 0.418596 7.466731
v 3.649175 0.185807 7.472011
v 4.542459 0.612596 7.330174
v 5.394516 1.065923 6.961304
v 5.564939 1.357303 6.552307
v 5.716107 1.601638 5.996474
v 5.815099 1.729311 5.344161
v 6.031587 0.812747 5.336027
v 5.792122 1.806701 4.311263
v 6.113760 -0.333499 5.329509
v 6.117171 0.861841 4.561452
v 6.200052 -0.333499 4.678209
v 6.117171 -1.528839 4.561452
v 5.792122 -2.473699 4.311263
v 6.031588 -1.479744 5.336029
v 5.899695 0.697849 6.008935
v 5.977931 -0.333499 6.005354
v 4.569949 -3.526626 6.109672
v 4.640357 -3.727666 5.392472
v 4.665052 -3.487658 4.222739
v 4.574211 -3.834906 3.435695
v 4.696799 -3.912288 3.397424
v 5.571200 -3.561197 3.524492
v 5.559546 -3.423623 3.562032
v 6.333177 -2.541309 3.739133
v 6.491484 -2.649318 3.673854
v 6.964987 -1.586482 4.011924
v 6.806374 -1.528839 4.077203
v 5.506031 -3.219627 4.241807
v 7.150807 -0.333499 4.133358
v 5.558593 -3.360899 5.418815
v 5.494204 -3.225095 6.140687
v 5.350898 -2.909641 6.699212
v 3.149724 -1.141551 7.508986
v 3.637353 -1.857678 7.349744
v 3.381879 -1.085593 7.466731
v 4.393719 -3.058131 6.719753
v 4.072380 -1.600621 7.273056
v 5.717125 0.556357 6.549719
v 5.019742 -2.435208 7.032002
v 4.125628 -2.543677 7.088881
v 5.578898 0.401055 6.942688
v 3.787400 -0.025856 7.460405
v 4.812663 0.198520 7.280375
v 2.619521 -0.222989 7.611128
v 2.634180 -0.333499 7.585227
v 3.649175 -0.852805 7.472011
v 2.619521 -0.444009 7.611128
v 4.542459 -1.279594 7.330173
v 5.394516 -1.732920 6.961304
v 4.905554 -0.333499 7.234922
v 5.645617 -0.333499 6.938042
v 5.806194 -0.333499 6.543243
v 3.834778 -0.333499 7.423354
v 5.815099 -2.396308 5.344161
v 5.578898 -1.068053 6.942688
v 5.716107 -2.268636 5.996474
v 5.564939 -2.024300 6.552307
v 5.899695 -1.364846 6.008935
v 4.812663 -0.865517 7.280375
v 5.717125 -1.223355 6.549719
v 3.787400 -0.641141 7.460405
v -1.860975 0.760563 3.533223
v -1.829044 0.690104 3.963615
v -1.906708 0.767725 3.521219
v -1.907015 0.690104 3.963614
v -1.801112 0.447706 4.398662
v -1.879081 0.447706 4.398661
v -1.874763 0.412687 4.314948
v -1.930564 0.625605 3.908159
v -1.915602 0.709054 3.526110
v -1.957089 0.768751 3.331353
v -1.977066 0.701930 3.343893
v -1.894914 0.740769 3.329251
v -1.876245 0.697820 3.346264
v -1.860975 0.760563 3.533223
v -1.854229 0.706887 3.525752
v -1.829044 0.690104 3.963615
v -1.735491 -0.202889 4.707116
v -1.752517 -0.194674 4.625987
v -1.860894 0.085181 4.526514
v -1.782925 0.085181 4.626749
v -1.860894 0.085181 4.626749
v -1.657519 -0.202889 4.707119
v -1.698977 -0.231300 4.734915
v -1.832925 0.624195 3.922958
v -1.703191 -0.333499 4.778028
v -1.814732 0.391408 4.317362
v -1.801112 0.447706 4.398662
v -1.799387 0.085265 4.541413
v -1.782925 0.085181 4.626749
v -1.657519 -0.202889 4.707119
v -1.674086 -0.175088 4.626386
v -1.668933 -0.333499 4.628871
v -1.771015 -0.333499 4.628871
v -1.705270 -0.333499 4.717025
v -1.698977 -0.435698 4.734915
v -1.657519 -0.464108 4.707118
v -1.782925 -0.752179 4.626750
v -1.735491 -0.464108 4.707116
v -1.860894 -0.752179 4.626749
v -1.752517 -0.472324 4.625987
v -1.860894 -0.752179 4.526514
v -1.874763 -1.079684 4.314948
v -1.814732 -1.058406 4.317362
v -1.801112 -1.114704 4.398662
v -1.799387 -0.752263 4.541413
v -1.782925 -0.752179 4.626750
v -1.657322 -0.333499 4.706843
v -1.674086 -0.491910 4.626386
v -1.657519 -0.464108 4.707118
v -1.801112 -1.114704 4.398662
v -1.879081 -1.114704 4.398661
v -1.907015 -1.357101 3.963614
v -1.930564 -1.292602 3.908159
v -1.829044 -1.357101 3.963614
v -1.832925 -1.291192 3.922958
v -1.860975 -1.427561 3.533223
v -1.894914 -1.407766 3.329251
v -1.854229 -1.373884 3.525752
v -1.876245 -1.364818 3.346264
v -1.860975 -1.427561 3.533223
v -1.977066 -1.368928 3.343893
v -1.957089 -1.435748 3.331353
v -1.906708 -1.434722 3.521219
v -1.915602 -1.376051 3.526110
v -1.829044 -1.357101 3.963614
v 2.619521 -0.222989 7.611128
v 2.619521 -0.444009 7.611128
v 2.619521 -0.444009 7.650374
v 2.634180 -0.333499 7.585227
v 2.337790 -0.333499 7.606839
v 2.593174 -0.202817 7.634460
v 2.619521 -0.222989 7.650374
v 2.535034 -0.192299 7.557611
v 2.634180 -0.333499 7.647182
v 2.352605 -0.242750 7.498384
v 2.443544 -0.181181 7.632707
v 2.564696 -0.168936 7.626318
v 2.340890 -0.275054 7.592567
v 2.386741 -0.206338 7.623021
v 2.569942 -0.411864 7.658593
v 2.552303 -0.425371 7.658597
v 2.593174 -0.464180 7.634460
v 2.533233 -0.218940 7.658595
v 2.579759 -0.333499 7.658596
v 2.569942 -0.255133 7.658593
v 2.535034 -0.474698 7.557611
v 2.414078 -0.423013 7.658596
v 2.383377 -0.399584 7.658594
v 2.552303 -0.241626 7.658597
v 2.452112 -0.227139 7.658595
v 2.381302 -0.333499 7.658597
v 2.443544 -0.485817 7.632707
v 2.452112 -0.439858 7.658595
v 2.383377 -0.267413 7.658594
v 2.564696 -0.498061 7.626318
v 2.414078 -0.243984 7.658596
v 2.533233 -0.448057 7.658595
v 2.471335 -0.333499 7.658597
v 2.352605 -0.424248 7.498384
v 2.340890 -0.391943 7.592567
v 2.386741 -0.460659 7.623019
v -1.860975 -1.427561 3.533223
v -0.637493 -3.429202 3.485563
v -1.744400 -1.954441 3.492613
v -1.860975 -1.427561 3.533223
v -1.906708 -1.434722 3.521219
v -1.957089 -1.435748 3.331353
v -1.894914 -1.407766 3.329251
v -1.744400 -1.954441 3.492613
v -0.637493 -3.429202 3.485563
v -0.637493 -3.429202 3.308570
v -1.744400 -1.954441 3.315622
v -1.822137 -2.015044 3.301044
v -0.513745 -3.480735 3.359804
v -0.501532 -3.614732 3.291029
v -0.656686 -3.534118 3.488195
v -1.820304 -2.015044 3.542647
v -0.722417 -3.514143 3.292704
v -0.513745 -3.480735 3.536795
v -0.054209 -3.603035 3.351648
v -0.054209 -3.603035 3.528638
v 1.198568 -3.894541 3.519139
v 1.198567 -3.894541 3.342147
v 1.208144 -4.072534 3.278064
v 4.168157 -3.946072 3.126162
v 2.766479 -4.223833 3.266247
v 4.252371 -3.853828 3.486119
v 2.768083 -4.057575 3.507235
v 2.768083 -4.057575 3.330243
v -0.045488 -3.780444 3.287571
v 4.252370 -3.853828 3.309127
v -0.533326 -3.590296 3.487258
v -0.513745 -3.480735 3.536795
v -0.043655 -3.780444 3.529173
v -0.054209 -3.603035 3.528638
v 1.209977 -4.072534 3.519666
v 1.198568 -3.894541 3.519139
v 2.768312 -4.223833 3.507849
v 4.333307 -3.897055 3.101440
v 4.168157 -3.946072 3.126162
v 4.696799 -3.912288 3.397424
v 4.574211 -3.834906 3.435695
v 4.252371 -3.853828 3.486119
v 2.768083 -4.057575 3.507235
v 4.201129 -3.937406 3.367282
v -1.698977 -0.231300 4.734915
v -1.657519 -0.202889 4.707119
v -1.390947 -0.265825 5.901981
v -1.703191 -0.333499 4.778028
v -1.698977 -0.435698 4.734915
v -1.657519 -0.464108 4.707118
v -1.657322 -0.333499 4.706843
v -1.349490 -0.237414 5.874183
v -1.340324 -0.333499 5.874114
v -1.349490 -0.429583 5.874183
v -0.951698 -0.333499 6.636352
v -1.002320 -0.401172 6.664220
v -1.381781 -0.333499 5.901912
v -1.390947 -0.401172 5.901981
v -0.960864 -0.429583 6.636421
v 2.335662 -0.333499 7.530418
v -0.381257 -0.237414 7.084240
v 0.579882 -0.237414 7.431628
v -1.002320 -0.265825 6.664220
v -0.422715 -0.265825 7.112041
v 1.443883 -0.429583 7.537508
v 0.589049 -0.333499 7.431561
v -0.960864 -0.237414 6.636421
v 1.443883 -0.237414 7.537508
v 0.538424 -0.265825 7.459427
v -0.413546 -0.333499 7.111972
v 0.538424 -0.401172 7.459427
v -0.372090 -0.333499 7.084171
v 0.579882 -0.429583 7.431628
v -0.381257 -0.429583 7.084241
v 1.453050 -0.333499 7.537441
v -0.422715 -0.401172 7.112041
v -0.993155 -0.333499 6.664153
v 0.547591 -0.333499 7.459358
v 1.422736 -0.274386 7.578125
v 2.352605 -0.242750 7.498384
v 1.422736 -0.392611 7.578125
v 2.340890 -0.391943 7.592567
v 2.352605 -0.424248 7.498384
v 2.340890 -0.275054 7.592567
v 1.431902 -0.333499 7.578053
v 2.337790 -0.333499 7.606839
v 2.535034 -0.192299 7.557611
v 1.852085 0.466346 7.534414
v 1.816933 0.399469 7.577162
v 2.443544 -0.181181 7.632707
v 0.802837 1.602403 7.103204
v 0.404233 2.062199 6.742995
v 0.086490 2.425873 6.132429
v -0.220312 2.661685 5.410117
v 1.281107 1.079404 7.370996
v 1.852085 0.466346 7.534414
v 2.535034 -0.192299 7.557611
v 1.732553 0.352477 7.535491
v 2.386741 -0.206338 7.623021
v 2.352605 -0.242750 7.498384
v 1.148784 1.025638 7.372001
v 1.223444 1.116055 7.396769
v 1.772322 0.355552 7.578142
v 0.664579 1.538750 7.104253
v 0.265974 1.998547 6.744046
v -0.051768 2.362219 6.133481
v -0.333639 2.688483 5.418254
v -0.053075 2.399747 6.163880
v 0.702145 1.556461 7.138630
v -0.391133 2.629716 5.411412
v 1.177492 1.072828 7.416659
v 0.277701 2.041630 6.760546
v -0.457121 2.806166 4.245057
v -0.513745 2.813737 3.536795
v -0.595379 2.742514 4.246107
v -0.637493 2.762204 3.485563
v -0.564770 2.835571 4.289105
v -0.656686 2.867121 3.488195
v -0.513745 2.813737 3.536795
v -0.533326 2.923298 3.487258
v -0.451077 2.889843 4.285923
v -0.457121 2.806166 4.245057
v -0.220101 2.732224 5.424756
v -0.220312 2.661685 5.410117
v 0.045713 2.446904 6.161115
v 0.086490 2.425873 6.132429
v 0.358146 2.084475 6.751850
v 0.404233 2.062199 6.742995
v 0.802837 1.602403 7.103204
v 0.775914 1.591675 7.136569
v 1.281107 1.079404 7.370996
v 3.842148 -2.561665 7.054006
v 4.120136 -3.056013 6.647624
v 4.281528 -3.550534 6.109550
v 4.402458 -3.758647 5.392159
v 3.383964 -1.856142 7.349547
v 2.890719 -1.160940 7.535126
v 2.962132 -0.511980 7.259029
v 4.042013 -0.865181 7.142736
v 4.942386 -1.159333 7.066052
v 5.274467 -1.271797 6.798882
v 5.602177 -1.385959 6.344264
v 5.664999 -0.333499 6.367443
v 5.286718 -0.333499 6.843760
v 4.908438 -0.333499 7.120661
v 3.899690 -0.333499 7.182703
v 4.252371 -3.853828 3.486119
v 4.419180 -3.538977 4.222422
v 5.900543 -1.511515 4.630765
v 6.043278 -0.333499 4.551885
v 5.900543 0.844518 4.630765
v 4.402458 3.091650 5.392159
v 5.602177 0.718962 6.344265
v 4.281528 2.883537 6.109551
v 5.274467 0.604800 6.798882
v 5.765719 -2.649318 3.507944
v 5.312415 -3.210631 3.497579
v 5.353485 -3.456897 3.287866
v 4.408609 -3.719801 3.212830
v 4.324023 -3.716915 3.346133
v 4.390852 -3.697850 3.460649
v 4.252370 -3.853828 3.309127
v 4.419180 3.031441 4.222422
v 4.252371 3.186831 3.486119
v 4.252370 3.186831 3.309127
v 4.324023 3.049917 3.346133
v 4.390852 3.030853 3.460649
v 5.312415 2.543633 3.497579
v 4.408609 3.052804 3.212830
v 5.353485 2.789900 3.287866
v 6.400713 1.982320 3.507942
v 5.765719 1.982320 3.507944
v 6.874138 0.919485 3.835324
v 6.239142 0.919485 3.835323
v 7.056553 -0.333499 3.956783
v 6.421559 -0.333499 3.956783
v 6.400713 -2.649318 3.507942
v 6.239142 -1.586482 3.835323
v 6.874138 -1.586482 3.835324
v 4.696799 -3.912288 3.397424
v 4.333307 -3.897055 3.101440
v 7.285172 -3.919390 3.049579
v 7.284893 -3.866327 2.814214
v 8.252283 -3.653037 2.904908
v 8.252563 -3.706101 3.140273
v 8.933746 -3.325803 3.314444
v 8.931791 -3.301078 3.111435
v 9.380642 -3.024150 3.472503
v 9.378625 -2.985733 3.262763
v 9.587239 -2.432148 3.569327
v 9.589453 -2.432148 3.799055
v 9.703004 -1.586482 3.930427
v 9.704827 -1.586482 4.170843
v 9.726268 -0.333499 4.053265
v 9.728093 -0.333499 4.293680
v 9.704827 0.919485 4.170844
v 9.703004 0.919485 3.930427
v 9.587239 1.765150 3.569327
v 9.589453 1.765150 3.799055
v 9.378625 2.318735 3.262763
v 9.380642 2.357152 3.472503
v 8.931791 2.634080 3.111435
v 8.933746 2.658805 3.314444
v 8.252283 2.986039 2.904908
v 8.252563 3.039103 3.140273
v 4.333307 3.230057 3.101440
v 4.696799 3.245291 3.397424
v 7.284892 3.199330 2.814214
v 7.285172 3.252392 3.049579
v 4.168157 -3.946072 3.126162
v 4.252370 -3.853828 3.309127
v 4.408609 -3.719801 3.212830
v 7.056553 -0.333499 3.956783
v 6.874138 -1.586482 3.835324
v 6.400713 -2.649318 3.507942
v 5.353485 -3.456897 3.287866
v 4.333307 -3.897055 3.101440
v 7.284893 -3.866327 2.814214
v 8.252283 -3.653037 2.904908
v 8.931791 -3.301078 3.111435
v 9.378625 -2.985733 3.262763
v 9.587239 -2.432148 3.569327
v 7.609294 -3.415550 3.057001
v 8.268093 -3.355616 3.057027
v 9.703004 -1.586482 3.930427
v 8.327732 -2.499151 3.527859
v 8.400023 -1.586482 3.803223
v 7.705417 -0.333499 3.951863
v 6.874138 0.919485 3.835324
v 6.400713 1.982320 3.507942
v 7.284892 3.199330 2.814214
v 8.252283 2.986039 2.904908
v 8.931791 2.634080 3.111435
v 9.378625 2.318735 3.262763
v 9.726268 -0.333499 4.053265
v 7.609294 2.748553 3.057001
v 9.587239 1.765150 3.569327
v 8.268093 2.688618 3.057027
v 9.703004 0.919485 3.930427
v 8.400023 0.919485 3.803223
v 8.327732 1.832153 3.527859
v 4.168157 3.279074 3.126162
v 5.353485 2.789900 3.287866
v 4.408609 3.052804 3.212830
v 4.252370 3.186831 3.309127
v 4.333307 3.230057 3.101440
v 4.696799 -3.912288 3.397424
v 8.252563 -3.706101 3.140273
v 7.285172 -3.919390 3.049579
v 5.571200 -3.561197 3.524492
v 7.610783 -3.424661 3.253275
v 8.270310 -3.376689 3.287364
v 6.491484 -2.649318 3.673854
v 6.964987 -1.586482 4.011924
v 7.150807 -0.333499 4.133358
v 6.964987 0.919485 4.011924
v 6.491484 1.982320 3.673854
v 4.696799 3.245291 3.397424
v 5.571200 2.894200 3.524492
v 7.285172 3.252392 3.049579
v 7.610782 2.757663 3.253275
v 8.252563 3.039103 3.140273
v 8.270310 2.709691 3.287364
v 8.933746 2.658805 3.314444
v 9.589453 1.765150 3.799055
v 9.380642 2.357152 3.472503
v 8.329944 1.832153 3.757587
v 8.402276 0.919485 4.155900
v 9.704827 0.919485 4.170844
v 9.728093 -0.333499 4.293680
v 7.706852 -0.333499 4.141014
v 8.402276 -1.586482 4.155900
v 9.704827 -1.586482 4.170843
v 8.329944 -2.499151 3.757587
v 8.933746 -3.325803 3.314444
v 9.589453 -2.432148 3.799055
v 9.380642 -3.024150 3.472503
v 4.665052 -3.487658 4.222739
v 4.640357 -3.727666 5.392472
v 4.569949 -3.526626 6.109672
v 4.393719 -3.058131 6.719753
v 4.125628 -2.543677 7.088881
v 3.637353 -1.857678 7.349744
v 3.149724 -1.141551 7.508986
v 2.619521 -0.444009 7.611128
v 2.593174 -0.464180 7.634460
v 3.006690 -1.130023 7.564157
v 3.515610 -1.913028 7.419631
v 3.987695 -2.570614 7.150590
v 4.271976 -3.113481 6.719752
v 4.413255 -3.586989 6.109647
v 4.498067 -3.788496 5.392416
v 4.528166 -3.548202 4.222700
v 2.535034 -0.474698 7.557611
v 2.890719 -1.160940 7.535126
v 2.564696 -0.498061 7.626318
v 3.383964 -1.856142 7.349547
v 2.924694 -1.141605 7.579773
v 3.842148 -2.561665 7.054006
v 3.421777 -1.865770 7.417584
v 3.886189 -2.558776 7.086641
v 4.120136 -3.056013 6.647624
v 4.281528 -3.550534 6.109550
v 4.161190 -3.052726 6.681788
v 4.402458 -3.758647 5.392159
v 4.316480 -3.600871 6.109576
v 4.423004 -3.808518 5.392214
v 4.419180 -3.538977 4.222422
v 4.439111 -3.584677 4.222473
v 4.574211 -3.834906 3.435695
v 4.448699 -3.832555 3.569570
v 4.360377 -3.849558 3.570603
v 4.252371 -3.853828 3.486119
v 4.120136 2.389016 6.647624
v 4.942386 0.492335 7.066052
v 4.042013 0.198184 7.142735
v 3.842148 1.894667 7.054006
v 3.383965 1.189145 7.349547
v 2.962132 -0.155017 7.259029
v 2.890719 0.493942 7.535126
v 2.689192 -0.333499 7.282976
v 2.352605 -0.424248 7.498384
v 2.535034 -0.474698 7.557611
v 2.335662 -0.333499 7.530418
v 2.557118 -0.333499 7.557436
v 2.535034 -0.192299 7.557611
v 2.352605 -0.242750 7.498384
v 4.665052 2.980122 4.222740
v 4.528166 3.040666 4.222700
v 4.640357 3.060668 5.392472
v 4.498067 3.121498 5.392416
v 4.569949 2.859628 6.109674
v 4.413255 2.919991 6.109647
v 4.393719 2.391133 6.719753
v 4.271976 2.446483 6.719752
v 3.987695 1.903617 7.150590
v 4.125628 1.876680 7.088881
v 3.515610 1.246031 7.419631
v 3.637353 1.190681 7.349744
v 2.619521 -0.222989 7.611128
v 3.149724 0.474553 7.508986
v 2.593174 -0.202817 7.634460
v 3.006690 0.463025 7.564157
v 2.535034 -0.192299 7.557611
v 2.564696 -0.168936 7.626318
v 2.924694 0.474608 7.579773
v 2.890719 0.493942 7.535126
v 3.421777 1.198773 7.417584
v 3.383965 1.189145 7.349547
v 3.886189 1.891778 7.086641
v 3.842148 1.894667 7.054006
v 4.120136 2.389016 6.647624
v 4.161190 2.385729 6.681788
v 4.316480 2.933873 6.109576
v 4.281528 2.883537 6.109551
v 4.402458 3.091650 5.392159
v 4.423004 3.141520 5.392214
v 4.574211 3.167908 3.435695
v 4.360377 3.182561 3.570603
v 4.419180 3.031441 4.222422
v 4.252371 3.186831 3.486119
v 4.448699 3.165558 3.569570
v 4.439111 3.077140 4.222472
v -0.333639 -3.355480 5.418254
v -0.053075 -3.066744 6.163880
v -0.220101 -3.399221 5.424754
v 0.086490 -3.092870 6.132429
v -0.220312 -3.328683 5.410117
v -0.457121 -3.473164 4.245057
v -0.451077 -3.556841 4.285923
v -0.513745 -3.480735 3.536795
v -0.533326 -3.590296 3.487258
v -0.656686 -3.534118 3.488195
v -0.564770 -3.502568 4.289105
v -0.637493 -3.429202 3.485563
v -0.513745 -3.480735 3.536795
v -0.595380 -3.409511 4.246106
v -0.457121 -3.473164 4.245057
v -0.391133 -3.296714 5.411412
v -0.220312 -3.328683 5.410117
v 0.086490 -3.092870 6.132429
v 0.404233 -2.729197 6.742995
v 0.802837 -2.269400 7.103204
v 1.281107 -1.746401 7.370996
v 2.535034 -0.474698 7.557611
v 1.852085 -1.133344 7.534414
v 2.352605 -0.424248 7.498384
v 1.732553 -1.019474 7.535491
v 1.148784 -1.692636 7.372001
v 0.664579 -2.205748 7.104253
v -0.051768 -3.029217 6.133479
v 0.265974 -2.665544 6.744045
v 0.277701 -2.708628 6.760546
v 0.702145 -2.223459 7.138630
v 1.177492 -1.739825 7.416659
v 1.772322 -1.022549 7.578142
v 2.386741 -0.460659 7.623019
v 2.443544 -0.485817 7.632707
v 2.535034 -0.474698 7.557611
v 1.816933 -1.066467 7.577162
v 1.223444 -1.783052 7.396770
v 1.852085 -1.133344 7.534414
v 1.281107 -1.746401 7.370996
v 0.775914 -2.258673 7.136567
v 0.358146 -2.751473 6.751850
v 6.969464 -0.333499 4.198811
v 0.045713 -3.113902 6.161114
v 0.802837 -2.269400 7.103204
v 0.404233 -2.729197 6.742995
v 6.964987 0.919485 4.011924
v 6.806374 0.861841 4.077203
v 6.333177 1.874312 3.739133
v 6.491484 1.982320 3.673854
v 4.696799 3.245291 3.397424
v 5.571200 2.894200 3.524492
v 5.559546 2.756625 3.562032
v 4.574211 3.167908 3.435695
v 4.665052 2.980122 4.222740
v 5.506031 2.552629 4.241807
v 4.640357 3.060668 5.392472
v 5.558593 2.693902 5.418815
v 5.494204 2.558097 6.140687
v 4.569949 2.859628 6.109674
v 5.019742 1.768211 7.032002
v 5.350898 2.242644 6.699212
v 4.125628 1.876680 7.088881
v 4.072380 0.933624 7.273057
v 4.393719 2.391133 6.719753
vn -0.350988 0.934786 0.054607
vn -0.332680 0.941840 0.047544
vn -0.344074 0.934270 0.093555
vn -0.207569 0.976619 0.055942
vn 0.038406 0.993773 0.104600
vn 0.177656 0.976211 0.124298
vn 0.153437 0.985893 0.066880
vn 0.050539 0.987543 0.149011
vn -0.034455 0.908908 0.415571
vn -0.032517 0.755300 0.654573
vn -0.064107 0.537428 0.840869
vn -0.116792 0.356705 0.926888
vn -0.136631 0.171939 0.975586
vn -0.168730 0.192332 0.966715
vn -0.138988 0.039240 0.989516
vn -0.196179 0.362284 0.911188
vn -0.189515 0.507061 0.840817
vn -0.170132 0.729410 0.662583
vn -0.127882 0.890105 0.437446
vn -0.037291 0.980526 0.192818
vn 0.029625 0.996175 0.082200
vn -0.238600 0.966929 0.090103
vn -0.232385 0.939113 0.253107
vn -0.335323 0.903112 0.268231
vn -0.248687 0.851827 0.461026
vn -0.278139 0.839592 0.466609
vn -0.236712 0.712076 0.660995
vn -0.170644 0.730662 0.661071
vn -0.059526 0.318744 0.945970
vn -0.078941 0.441773 0.893647
vn -0.179954 0.528357 0.829732
vn -0.044710 0.577822 0.814937
vn 0.125172 0.500789 0.856471
vn 0.078942 0.441746 -0.893660
vn 0.487977 -0.057235 -0.870978
vn -0.374953 -0.494051 -0.784426
vn -0.794092 -0.281125 -0.538876
vn 0.168730 0.192332 -0.966715
vn -0.680192 -0.159743 -0.715417
vn 0.196179 0.362284 -0.911188
vn -0.691850 0.026977 -0.721537
vn 0.189515 0.507061 -0.840817
vn -0.787622 0.270064 -0.553821
vn -0.871335 0.410473 -0.268862
vn -0.895884 0.438746 -0.069959
vn -0.856337 0.511791 -0.068970
vn -0.843084 0.039440 0.536333
vn -0.057569 0.920971 0.385355
vn 0.149104 0.907571 0.392533
vn 0.259121 0.911102 0.320545
vn 0.613891 0.780318 0.119340
vn 0.532282 0.066882 -0.843921
vn 0.170132 0.729410 -0.662583
vn 0.179954 0.528357 -0.829732
vn 0.127882 0.890105 -0.437446
vn 0.018416 0.983854 -0.178024
vn -0.062288 0.994363 -0.085811
vn 0.683492 0.715234 -0.145875
vn 0.238600 0.966929 -0.090103
vn 0.236712 0.712076 -0.660995
vn 0.630421 0.145059 -0.762579
vn 0.248687 0.851827 -0.461026
vn 0.232385 0.939113 -0.253107
vn 0.727704 0.616737 -0.300136
vn 0.726616 0.312453 -0.611884
vn 0.753861 0.475490 -0.453434
vn 0.993113 0.094134 -0.069753
vn 0.957028 0.286226 -0.046609
vn 0.987461 0.148190 0.054417
vn 0.580639 -0.796431 0.168986
vn 0.923715 -0.323409 0.205322
vn 0.934983 -0.297236 -0.193541
vn 0.268030 -0.854548 -0.444868
vn 0.321341 -0.915632 -0.241573
vn 0.923794 -0.256358 -0.284403
vn 0.301355 -0.948240 -0.100126
vn 0.816300 0.552622 0.168115
vn 0.980473 0.190713 0.047982
vn 0.899981 -0.202101 -0.386249
vn 0.233469 -0.745063 -0.624799
vn 0.126568 -0.620927 -0.773582
vn -0.284760 -0.392120 -0.874730
vn 0.892019 0.337114 -0.301092
vn -0.305617 0.408510 -0.860068
vn -0.091397 -0.539658 -0.836908
vn 0.192714 -0.034509 -0.980648
vn 0.789486 0.362598 -0.495212
vn 0.793363 -0.247005 -0.556384
vn 0.670213 -0.219691 -0.708908
vn 0.640060 0.377682 -0.669089
vn 0.198824 0.494043 -0.846398
vn 0.480488 -0.154058 -0.863364
vn 0.430578 0.448453 -0.783258
vn -0.956335 -0.208611 0.204706
vn -0.961147 -0.199127 0.191166
vn -0.883745 -0.440504 0.157959
vn -0.930685 -0.320552 0.176272
vn -0.934983 -0.297236 0.193541
vn -0.886537 -0.427054 0.177981
vn -0.877106 -0.384960 0.287212
vn -0.923794 -0.256358 0.284403
vn -0.949695 -0.154392 0.272473
vn -0.945143 0.241136 0.220358
vn -0.957887 -0.024367 0.286108
vn -0.942182 -0.047880 0.331664
vn -0.808571 -0.249650 0.532811
vn -0.668512 -0.247444 0.701329
vn -0.485401 -0.130281 0.864530
vn -0.222143 0.039216 0.974225
vn -0.022740 0.038847 0.998986
vn -0.480488 -0.154058 0.863364
vn -0.161743 -0.108801 0.980817
vn -0.475297 -0.177728 0.861687
vn -0.192714 -0.034509 0.980648
vn -0.670213 -0.219691 0.708908
vn -0.671361 -0.191811 0.715879
vn -0.899981 -0.202101 0.386249
vn -0.837276 -0.322456 0.441578
vn -0.793363 -0.247005 0.556384
vn -0.777352 -0.244131 0.579761
vn 0.816300 -0.552622 0.168115
vn 0.980473 -0.190713 0.047982
vn 0.993113 -0.094134 -0.069753
vn 0.957028 -0.286226 -0.046609
vn 0.987461 -0.148190 0.054417
vn 0.321341 0.915632 -0.241573
vn 0.580639 0.796431 0.168986
vn 0.934983 0.297236 -0.193541
vn 0.301355 0.948240 -0.100126
vn 0.923715 0.323409 0.205322
vn 0.892019 -0.337114 -0.301092
vn 0.789486 -0.362598 -0.495212
vn 0.640060 -0.377682 -0.669089
vn 0.430578 -0.448453 -0.783258
vn 0.198824 -0.494043 -0.846398
vn -0.305617 -0.408510 -0.860068
vn -0.091397 0.539658 -0.836908
vn 0.480488 0.154058 -0.863364
vn -0.284760 0.392120 -0.874731
vn 0.192714 0.034509 -0.980648
vn 0.670213 0.219691 -0.708908
vn 0.126568 0.620927 -0.773583
vn 0.793363 0.247005 -0.556384
vn 0.899981 0.202101 -0.386249
vn 0.268030 0.854548 -0.444868
vn 0.233469 0.745063 -0.624799
vn 0.923794 0.256358 -0.284403
vn -0.961147 0.199127 0.191166
vn -0.956335 0.208611 0.204706
vn -0.883745 0.440504 0.157959
vn -0.930685 0.320552 0.176272
vn -0.934983 0.297236 0.193541
vn -0.886537 0.427054 0.177981
vn -0.877106 0.384961 0.287212
vn -0.949695 0.154392 0.272473
vn -0.923794 0.256358 0.284403
vn -0.945143 -0.241136 0.220358
vn -0.957887 0.024367 0.286108
vn -0.837276 0.322456 0.441578
vn -0.942182 0.047880 0.331664
vn -0.899981 0.202101 0.386249
vn -0.808571 0.249650 0.532811
vn -0.668512 0.247444 0.701329
vn -0.485401 0.130281 0.864530
vn -0.222143 -0.039216 0.974225
vn -0.022740 -0.038847 0.998986
vn -0.161743 0.108801 0.980817
vn -0.480488 0.154058 0.863364
vn -0.475297 0.177728 0.861687
vn -0.192714 0.034509 0.980648
vn -0.793363 0.247005 0.556384
vn -0.777352 0.244131 0.579761
vn -0.671361 0.191811 0.715879
vn -0.670213 0.219691 0.708908
vn 0.532282 -0.066882 -0.843921
vn 0.630421 -0.145059 -0.762579
vn 0.726616 -0.312453 -0.611884
vn 0.753861 -0.475490 -0.453434
vn 0.727704 -0.616737 -0.300136
vn 0.248687 -0.851827 -0.461026
vn 0.232385 -0.939113 -0.253107
vn -0.859167 -0.510481 -0.035219
vn -0.823575 -0.016189 0.566977
vn -0.029625 -0.996175 -0.082200
vn -0.042746 -0.915596 0.399822
vn 0.613891 -0.780318 0.119340
vn 0.238600 -0.966929 -0.090103
vn 0.149104 -0.907571 0.392533
vn 0.683492 -0.715234 -0.145875
vn 0.236712 -0.712076 -0.660995
vn 0.259121 -0.911102 0.320545
vn 0.179954 -0.528357 -0.829732
vn 0.078942 -0.441746 -0.893660
vn 0.487977 0.057235 -0.870978
vn -0.374953 0.494051 -0.784426
vn -0.794092 0.281125 -0.538876
vn 0.168730 -0.192332 -0.966715
vn 0.196179 -0.362284 -0.911188
vn -0.680192 0.159743 -0.715417
vn -0.691850 -0.026977 -0.721537
vn 0.189515 -0.507061 -0.840817
vn 0.127882 -0.890105 -0.437446
vn 0.037291 -0.980526 -0.192818
vn 0.170132 -0.729410 -0.662583
vn -0.892045 -0.444768 -0.080233
vn -0.787622 -0.270064 -0.553821
vn -0.871335 -0.410473 -0.268862
vn -0.350988 -0.934786 0.054607
vn -0.332680 -0.941840 0.047544
vn -0.207569 -0.976619 0.055942
vn 0.231367 -0.952362 0.198686
vn 0.065799 -0.987538 0.142967
vn 0.218494 -0.973089 0.073195
vn 0.088964 -0.988996 0.118205
vn -0.034455 -0.908908 0.415571
vn -0.032517 -0.755300 0.654573
vn -0.064107 -0.537428 0.840869
vn -0.116792 -0.356705 0.926888
vn -0.136631 -0.171939 0.975586
vn -0.138988 -0.039240 0.989516
vn -0.168730 -0.192332 0.966715
vn -0.196179 -0.362284 0.911188
vn -0.189515 -0.507061 0.840817
vn -0.170132 -0.729410 0.662583
vn -0.127882 -0.890105 0.437446
vn 0.062288 -0.994363 0.085811
vn -0.018416 -0.983854 0.178024
vn -0.344074 -0.934270 0.093555
vn -0.238600 -0.966929 0.090103
vn -0.335323 -0.903112 0.268231
vn -0.232385 -0.939113 0.253107
vn -0.248687 -0.851827 0.461026
vn -0.278139 -0.839592 0.466609
vn -0.236712 -0.712076 0.660995
vn -0.170644 -0.730662 0.661071
vn -0.059526 -0.318744 0.945970
vn -0.078941 -0.441773 0.893647
vn -0.179954 -0.528357 0.829732
vn -0.044710 -0.577822 0.814937
vn 0.125172 -0.500789 0.856471
vn 0.987461 0.148190 0.054417
vn 0.580639 -0.796431 0.168986
vn 0.923715 -0.323409 0.205322
vn 0.987461 0.148190 0.054417
vn -0.815398 0.401338 0.417199
vn -0.836681 0.013795 -0.547517
vn 0.760223 -0.102250 -0.641566
vn 0.923715 -0.323409 0.205322
vn 0.580639 -0.796431 0.168986
vn -0.770651 0.535257 0.345829
vn -0.724003 0.234929 -0.648558
vn 0.762423 -0.256436 -0.594098
vn 0.659119 -0.520953 -0.542375
vn -0.605192 0.177431 0.776054
vn -0.400655 0.518667 -0.755288
vn -0.155528 0.576473 -0.802178
vn 0.467552 -0.729514 -0.499203
vn 0.613891 -0.780318 0.119340
vn 0.342983 -0.788974 -0.509786
vn 0.259121 -0.911102 0.320545
vn 0.253599 -0.810839 -0.527473
vn -0.031892 0.589624 -0.807048
vn -0.370162 0.431421 -0.822712
vn 0.088770 0.502944 -0.859748
vn 0.149104 -0.907571 0.392533
vn -0.009060 -0.905874 -0.423450
vn -0.042746 -0.915596 0.399822
vn -0.823575 -0.016189 0.566977
vn -0.642164 -0.739945 -0.200264
vn -0.151493 0.560298 -0.814319
vn 0.613891 -0.780318 0.119340
vn -0.223552 0.920712 0.319866
vn 0.259121 -0.911102 0.320545
vn -0.384901 0.673611 0.630951
vn 0.149104 -0.907571 0.392533
vn -0.242949 0.697166 0.674489
vn 0.032012 0.818179 0.574071
vn -0.370162 0.431421 -0.822712
vn -0.303630 0.046488 -0.951655
vn 0.208190 0.888618 0.408674
vn 0.032275 0.866697 0.497790
vn -0.823575 -0.016189 0.566977
vn -0.042746 -0.915596 0.399822
vn 0.145675 0.912071 0.383281
vn 0.955207 0.176764 -0.237348
vn 0.955207 0.176764 -0.237348
vn 0.977107 -0.027423 -0.210973
vn 0.977107 -0.027423 -0.210973
vn 0.614415 -0.776132 -0.141823
vn 0.006555 -0.693729 -0.720206
vn -0.977107 0.027423 0.210973
vn -0.930533 0.350169 -0.107188
vn -0.977107 0.027423 0.210973
vn -0.921068 0.359379 0.149933
vn 0.384780 0.058775 0.921135
vn 0.376400 -0.051663 0.925016
vn 0.095848 0.126179 0.987366
vn 0.050483 0.110907 0.992548
vn 0.209833 0.145555 0.966842
vn 0.725232 0.174246 0.666090
vn 0.959398 0.150718 0.238412
vn 0.985070 0.149632 0.085128
vn 0.981841 0.188220 -0.023700
vn 0.992867 0.118994 0.007429
vn 0.926310 0.345155 0.151056
vn 0.999870 -0.000000 0.016146
vn 0.932627 0.224753 0.282299
vn 0.943209 -0.000000 0.332199
vn 0.932627 -0.224753 0.282299
vn 0.926310 -0.345155 0.151056
vn 0.992867 -0.118994 0.007429
vn 0.990502 0.104258 0.089640
vn 0.996528 -0.000000 0.083256
vn 0.369722 -0.858921 0.354346
vn 0.473870 -0.880588 0.003459
vn 0.471210 -0.881414 0.032714
vn 0.196265 -0.867514 0.457056
vn 0.032275 -0.866697 0.497790
vn 0.015377 -0.446100 0.894851
vn 0.382372 -0.627087 0.678640
vn 0.527444 -0.476739 0.703223
vn 0.011654 -0.410417 0.911824
vn 0.031943 -0.275927 0.960648
vn 0.540737 -0.316567 0.779352
vn 0.749275 -0.659354 0.061968
vn 0.087220 0.000000 0.996189
vn 0.815953 -0.577487 -0.027021
vn 0.792814 -0.565541 0.227175
vn 0.671993 -0.498703 0.547467
vn 0.376400 0.051663 0.925016
vn 0.384780 -0.058775 0.921135
vn 0.095848 -0.126179 0.987366
vn 0.271455 -0.698202 0.662439
vn 0.135685 -0.190799 0.972206
vn 0.980405 0.108113 0.164675
vn 0.371259 -0.324305 0.870054
vn 0.320706 -0.358412 0.876749
vn 0.830308 0.099590 0.548334
vn 0.117329 -0.038396 0.992351
vn 0.326548 0.014935 0.945063
vn 0.485831 0.085753 0.869836
vn 0.846551 -0.000000 0.532308
vn 0.050483 -0.110907 0.992548
vn 0.485831 -0.085753 0.869836
vn 0.209833 -0.145555 0.966842
vn 0.725232 -0.174246 0.666090
vn 0.342410 0.000000 0.939551
vn 0.850058 0.000000 0.526689
vn 0.989640 -0.000000 0.143569
vn 0.117786 -0.000000 0.993039
vn 0.981841 -0.188220 -0.023700
vn 0.830308 -0.099590 0.548334
vn 0.985070 -0.149632 0.085128
vn 0.959398 -0.150718 0.238412
vn 0.990502 -0.104258 0.089640
vn 0.326548 -0.014935 0.945063
vn 0.980405 -0.108113 0.164675
vn 0.117329 0.038396 0.992351
vn 0.987461 0.148190 0.054417
vn 0.957028 0.286226 -0.046609
vn -0.815398 0.401338 0.417199
vn -0.718938 0.643869 0.261842
vn 0.993113 0.094134 -0.069753
vn -0.777353 0.441089 0.448512
vn -0.793621 -0.525521 -0.306583
vn -0.817209 -0.567678 -0.099553
vn -0.826574 -0.553863 0.100060
vn -0.836681 0.013795 -0.547517
vn -0.690600 -0.644277 -0.328601
vn 0.760223 -0.102250 -0.641566
vn 0.006555 -0.693729 -0.720206
vn 0.987461 0.148190 0.054417
vn 0.614415 -0.776132 -0.141823
vn 0.957028 0.286226 -0.046609
vn -0.840981 0.121279 0.527297
vn -0.929764 -0.221611 -0.293986
vn -0.707740 -0.470023 -0.527429
vn 0.980473 0.190713 0.047982
vn -0.792740 0.155601 0.589365
vn 0.816300 0.552622 0.168115
vn -0.815921 0.421152 0.396111
vn 0.746513 -0.601985 -0.283428
vn -0.960605 0.000000 0.277916
vn 0.742578 -0.482861 -0.464137
vn 0.993113 0.094134 -0.069753
vn 0.795301 -0.172049 -0.581288
vn 0.980473 0.190713 0.047982
vn 0.816300 0.552622 0.168115
vn 0.780986 0.012855 -0.624416
vn 0.752503 0.000000 -0.658589
vn -0.913911 -0.000000 -0.405915
vn -0.946921 -0.000000 0.321466
vn -0.815921 -0.421152 0.396111
vn 0.816300 -0.552622 0.168115
vn 0.980473 -0.190713 0.047982
vn -0.840981 -0.121279 0.527297
vn -0.792740 -0.155601 0.589365
vn -0.929764 0.221611 -0.293986
vn -0.707740 0.470023 -0.527429
vn -0.793621 0.525521 -0.306583
vn 0.742578 0.482861 -0.464137
vn 0.993113 -0.094134 -0.069753
vn 0.795301 0.172049 -0.581288
vn 0.980473 -0.190713 0.047982
vn 0.977823 -0.000000 -0.209431
vn 0.780986 -0.012855 -0.624416
vn 0.816300 -0.552622 0.168115
vn 0.993113 -0.094134 -0.069753
vn -0.777353 -0.441089 0.448512
vn -0.718924 -0.643885 0.261842
vn -0.817209 0.567678 -0.099553
vn 0.957028 -0.286226 -0.046609
vn 0.746513 0.601985 -0.283428
vn 0.987461 -0.148190 0.054417
vn 0.760223 0.102250 -0.641566
vn 0.785667 0.596808 -0.162936
vn 0.603968 0.572840 -0.554145
vn 0.987461 -0.148190 0.054417
vn -0.930533 0.350169 -0.107188
vn -0.836681 -0.013795 -0.547517
vn -0.815398 -0.401338 0.417199
vn -0.921068 0.359379 0.149933
vn 0.957028 -0.286226 -0.046609
vn 0.485831 0.085753 0.869836
vn 0.485831 -0.085753 0.869836
vn 0.701614 -0.458590 0.545374
vn 0.846551 -0.000000 0.532308
vn -0.643829 0.000000 0.765169
vn 0.381292 0.373814 0.845505
vn 0.701614 0.458590 0.545374
vn -0.374953 0.494051 -0.784426
vn 0.857525 -0.000000 0.514442
vn -0.305617 0.408510 -0.860068
vn -0.123370 0.666042 0.735642
vn -0.269519 0.634831 0.724119
vn -0.722467 0.441753 0.531879
vn -0.786681 0.150115 0.598830
vn -0.061355 -0.126619 0.990052
vn -0.024418 -0.233006 0.972169
vn 0.381292 -0.373814 0.845505
vn -0.030824 0.263879 0.964063
vn 0.015360 0.000000 0.999882
vn -0.061355 0.126619 0.990052
vn -0.374953 -0.494051 -0.784426
vn -0.469022 -0.226615 0.853618
vn -0.608360 -0.117765 0.784875
vn -0.024418 0.233006 0.972169
vn -0.251380 0.284532 0.925122
vn -0.630897 0.000000 0.775866
vn -0.123370 -0.666042 0.735642
vn -0.251380 -0.284532 0.925122
vn -0.608360 0.117765 0.784875
vn -0.269508 -0.634819 0.724134
vn -0.469022 0.226615 0.853618
vn -0.030824 -0.263879 0.964063
vn -0.136449 0.000000 0.990647
vn -0.305617 -0.408510 -0.860068
vn -0.722467 -0.441753 0.531879
vn -0.786681 -0.150115 0.598830
vn 0.987461 -0.148190 0.054417
vn 0.580639 0.796431 0.168986
vn 0.923715 0.323409 0.205322
vn 0.987461 -0.148190 0.054417
vn -0.815398 -0.401338 0.417199
vn -0.836681 -0.013795 -0.547517
vn 0.760223 0.102250 -0.641566
vn 0.923715 0.323409 0.205322
vn 0.580639 0.796431 0.168986
vn 0.659119 0.520953 -0.542375
vn 0.762423 0.256436 -0.594098
vn -0.724003 -0.234929 -0.648558
vn 0.467552 0.729514 -0.499203
vn -0.155528 -0.576473 -0.802178
vn -0.770651 -0.535257 0.345829
vn -0.605192 -0.177431 0.776055
vn -0.400655 -0.518667 -0.755288
vn 0.613891 0.780318 0.119340
vn 0.342983 0.788974 -0.509786
vn 0.259121 0.911102 0.320545
vn 0.149104 0.907571 0.392533
vn 0.253599 0.810839 -0.527473
vn -0.031892 -0.589624 -0.807048
vn -0.370162 -0.431421 -0.822712
vn 0.088770 -0.502944 -0.859748
vn -0.843084 0.039440 0.536333
vn -0.057569 0.920971 0.385355
vn -0.009060 0.905874 -0.423450
vn -0.151493 -0.560298 -0.814319
vn -0.642164 0.739945 -0.200264
vn -0.223552 -0.920712 0.319866
vn 0.613891 0.780318 0.119340
vn -0.384901 -0.673611 0.630951
vn 0.259121 0.911102 0.320545
vn -0.242949 -0.697166 0.674489
vn 0.149104 0.907571 0.392533
vn 0.032012 -0.818179 0.574071
vn -0.303630 -0.046488 -0.951655
vn -0.370162 -0.431421 -0.822712
vn 0.032275 -0.866697 0.497790
vn 0.196265 -0.867514 0.457056
vn -0.843084 0.039440 0.536333
vn -0.057569 0.920971 0.385355
vn 0.145675 -0.912071 0.383281
vn -0.815921 0.421152 0.396111
vn 0.816300 0.552622 0.168115
vn -0.877961 0.391026 0.276194
vn -0.960605 0.000000 0.277916
vn -0.815921 -0.421152 0.396111
vn 0.816300 -0.552622 0.168115
vn 0.977823 -0.000000 -0.209431
vn 0.892019 0.337114 -0.301092
vn 0.955676 -0.000000 -0.294419
vn 0.892019 -0.337114 -0.301092
vn 0.872856 0.000000 -0.487978
vn -0.804115 -0.389821 0.448819
vn -0.955041 0.000000 0.296474
vn -0.877961 -0.391026 0.276194
vn 0.789486 -0.362598 -0.495212
vn 0.282256 -0.000000 -0.959339
vn 0.640060 0.377682 -0.669089
vn 0.430578 0.448453 -0.783258
vn -0.804115 0.389821 0.448819
vn -0.625402 0.420641 0.657217
vn 0.198824 -0.494043 -0.846398
vn 0.452854 -0.000000 -0.891585
vn 0.789486 0.362598 -0.495212
vn 0.198824 0.494043 -0.846398
vn -0.409859 0.433890 0.802344
vn -0.690380 0.000000 0.723447
vn -0.409859 -0.433890 0.802344
vn 0.690423 -0.000000 -0.723406
vn 0.430578 -0.448453 -0.783258
vn 0.640060 -0.377682 -0.669089
vn 0.209708 -0.000000 -0.977764
vn -0.625402 -0.420641 0.657217
vn -0.872818 0.000000 0.488046
vn -0.459695 -0.000000 0.888077
vn -0.177109 0.610141 0.772244
vn -0.305617 0.408510 -0.860068
vn -0.177109 -0.610141 0.772244
vn -0.722467 -0.441753 0.531879
vn -0.305617 -0.408510 -0.860068
vn -0.722467 0.441753 0.531879
vn -0.254916 -0.000000 0.966963
vn -0.643829 0.000000 0.765169
vn -0.374953 0.494051 -0.784426
vn 0.487977 0.057235 -0.870978
vn 0.195874 0.397934 0.896260
vn -0.123370 0.666042 0.735642
vn 0.630421 -0.145059 -0.762579
vn 0.726616 -0.312453 -0.611884
vn 0.753861 -0.475490 -0.453434
vn 0.727704 -0.616737 -0.300136
vn 0.532282 -0.066882 -0.843921
vn 0.487977 0.057235 -0.870978
vn -0.374953 0.494051 -0.784426
vn -0.284760 -0.392120 -0.874730
vn -0.786681 0.150115 0.598830
vn -0.305617 0.408510 -0.860068
vn -0.091397 -0.539658 -0.836908
vn 0.226542 0.577126 0.784605
vn -0.582771 -0.192686 0.789462
vn 0.126568 -0.620927 -0.773582
vn 0.233469 -0.745063 -0.624799
vn 0.268030 -0.854548 -0.444868
vn -0.772958 0.552742 0.311468
vn -0.797505 0.411949 0.440776
vn -0.647609 0.181121 0.740133
vn 0.321341 -0.915632 -0.241573
vn -0.588752 0.038750 0.807384
vn -0.755037 0.275235 0.595117
vn 0.683492 -0.715234 -0.145875
vn 0.613891 -0.780318 0.119340
vn 0.301355 -0.948240 -0.100126
vn 0.580639 -0.796431 0.168986
vn -0.830665 0.526991 0.179655
vn -0.770651 0.535257 0.345829
vn 0.613891 -0.780318 0.119340
vn -0.223552 0.920712 0.319866
vn 0.557449 0.829522 -0.033817
vn 0.683492 -0.715234 -0.145875
vn 0.480541 0.874112 0.070771
vn 0.727704 -0.616737 -0.300136
vn 0.233045 0.924893 0.300437
vn 0.753861 -0.475490 -0.453434
vn 0.089169 0.830703 0.549528
vn 0.726616 -0.312453 -0.611884
vn 0.630421 -0.145059 -0.762579
vn 0.167284 0.715605 0.678178
vn 0.532282 -0.066882 -0.843921
vn -0.691850 0.026977 -0.721537
vn -0.787622 0.270064 -0.553821
vn -0.871335 0.410473 -0.268862
vn -0.895884 0.438746 -0.069959
vn -0.680192 -0.159743 -0.715417
vn -0.794092 -0.281125 -0.538876
vn -0.517692 -0.293198 -0.803760
vn -0.193708 0.070884 -0.978495
vn -0.502100 0.220871 -0.836129
vn -0.857584 0.248766 -0.450183
vn -0.956155 0.247705 -0.156234
vn -0.979114 0.000000 -0.203314
vn -0.863557 0.000000 -0.504251
vn -0.433806 -0.000000 -0.901006
vn 0.013186 -0.000000 -0.999913
vn -0.843084 0.039440 0.536333
vn -0.856337 0.511791 -0.068970
vn -0.939444 0.306145 -0.154014
vn -0.990810 -0.000000 -0.135262
vn -0.942358 -0.298207 -0.151771
vn -0.892045 -0.444768 -0.080233
vn -0.955772 -0.245993 -0.161208
vn -0.871335 -0.410473 -0.268862
vn -0.857584 -0.248766 -0.450183
vn -0.602594 0.500952 -0.621231
vn -0.601354 0.713523 -0.359525
vn -0.135461 0.567790 -0.811951
vn -0.464957 0.798066 -0.383283
vn -0.723418 0.687718 -0.060908
vn -0.659761 0.751476 -0.000140
vn -0.642164 0.739945 -0.200264
vn -0.859167 -0.510481 -0.035219
vn -0.823575 -0.016189 0.566977
vn -0.642164 -0.739945 -0.200264
vn -0.723418 -0.687718 -0.060908
vn -0.661187 -0.748523 0.050450
vn -0.620334 -0.720172 -0.310704
vn -0.464957 -0.798066 -0.383283
vn -0.135461 -0.567790 -0.811951
vn 0.095017 -0.368828 -0.924628
vn -0.622403 -0.501178 -0.601195
vn 0.119685 -0.229463 -0.965931
vn -0.593409 -0.316785 -0.739941
vn 0.122963 -0.000000 -0.992411
vn -0.627888 0.000000 -0.778304
vn 0.095017 0.368828 -0.924628
vn -0.593409 0.316785 -0.739941
vn 0.119685 0.229463 -0.965931
vn 0.032275 -0.866697 0.497790
vn -0.303630 -0.046488 -0.951655
vn 0.094076 -0.909575 0.404750
vn 0.181281 -0.409236 -0.894239
vn 0.506663 -0.305615 -0.806159
vn 0.257747 -0.865829 0.428843
vn 0.296882 -0.782678 0.547062
vn 0.562174 -0.023051 -0.826698
vn 0.577299 -0.686635 0.441879
vn 0.746976 -0.007836 -0.664805
vn 0.803855 0.147430 -0.576265
vn 0.731150 -0.469240 0.495211
vn 0.809917 0.105985 -0.576890
vn 0.773252 -0.234279 0.589232
vn 0.811113 -0.000000 -0.584890
vn 0.769277 -0.000000 0.638915
vn 0.773252 0.234279 0.589232
vn 0.809917 -0.105985 -0.576890
vn 0.803855 -0.147430 -0.576265
vn 0.731150 0.469240 0.495211
vn 0.746976 0.007836 -0.664805
vn 0.577299 0.686635 0.441879
vn 0.562174 0.023051 -0.826698
vn 0.296882 0.782678 0.547062
vn 0.506663 0.305615 -0.806159
vn 0.257747 0.865829 0.428843
vn -0.303630 0.046488 -0.951655
vn 0.032275 0.866697 0.497790
vn 0.181281 0.409236 -0.894239
vn 0.094076 0.909575 0.404750
vn -0.370162 -0.431421 -0.822712
vn -0.642164 0.739945 -0.200264
vn -0.464957 0.798066 -0.383283
vn 0.122963 -0.000000 -0.992411
vn 0.119685 0.229463 -0.965931
vn 0.095017 0.368828 -0.924628
vn -0.135461 0.567790 -0.811951
vn -0.303630 -0.046488 -0.951655
vn 0.181281 -0.409236 -0.894239
vn 0.506663 -0.305615 -0.806159
vn 0.562174 -0.023051 -0.826698
vn 0.746976 -0.007836 -0.664805
vn 0.803855 0.147430 -0.576265
vn 0.024562 0.547190 -0.836648
vn 0.112781 0.530600 -0.840086
vn 0.809917 0.105985 -0.576890
vn 0.107996 0.478623 -0.871353
vn 0.166178 0.246907 -0.954684
vn 0.176165 0.000000 -0.984361
vn 0.119685 -0.229463 -0.965931
vn 0.095017 -0.368828 -0.924628
vn 0.181281 0.409236 -0.894239
vn 0.506663 0.305615 -0.806159
vn 0.562174 0.023051 -0.826698
vn 0.746976 0.007836 -0.664805
vn 0.811113 -0.000000 -0.584890
vn 0.024562 -0.547190 -0.836648
vn 0.803855 -0.147430 -0.576265
vn 0.112781 -0.530600 -0.840086
vn 0.809917 -0.105985 -0.576890
vn 0.166178 -0.246907 -0.954684
vn 0.107996 -0.478623 -0.871353
vn -0.370162 0.431421 -0.822712
vn -0.135461 -0.567790 -0.811951
vn -0.464957 -0.798066 -0.383283
vn -0.642164 -0.739945 -0.200264
vn -0.303630 0.046488 -0.951655
vn 0.032275 -0.866697 0.497790
vn 0.257747 -0.865829 0.428843
vn 0.094076 -0.909575 0.404750
vn 0.015377 -0.446100 0.894851
vn -0.046800 -0.503796 0.862554
vn -0.128674 -0.488872 0.862813
vn 0.011654 -0.410417 0.911824
vn 0.031943 -0.275927 0.960648
vn 0.087220 0.000000 0.996189
vn 0.031943 0.275927 0.960648
vn 0.011654 0.410417 0.911824
vn 0.032275 0.866697 0.497790
vn 0.015377 0.446100 0.894851
vn 0.094076 0.909575 0.404750
vn -0.046800 0.503796 0.862554
vn 0.257747 0.865829 0.428843
vn -0.128673 0.488872 0.862814
vn 0.296882 0.782678 0.547062
vn 0.731150 0.469240 0.495211
vn 0.577299 0.686635 0.441879
vn -0.118035 0.487368 0.865182
vn -0.204322 0.243749 0.948071
vn 0.773252 0.234279 0.589232
vn 0.769277 -0.000000 0.638915
vn -0.232853 0.000000 0.972512
vn -0.204322 -0.243749 0.948071
vn 0.773252 -0.234279 0.589232
vn -0.118035 -0.487368 0.865182
vn 0.296882 -0.782678 0.547062
vn 0.731150 -0.469240 0.495211
vn 0.577299 -0.686635 0.441879
vn 0.471210 -0.881414 0.032714
vn 0.473870 -0.880588 0.003459
vn 0.369722 -0.858921 0.354346
vn 0.271455 -0.698202 0.662439
vn 0.320706 -0.358412 0.876749
vn 0.384780 -0.058775 0.921135
vn 0.376400 0.051663 0.925016
vn 0.485831 -0.085753 0.869836
vn 0.381292 -0.373814 0.845505
vn 0.269772 0.013833 0.962825
vn 0.120648 -0.218315 0.968392
vn -0.119180 -0.556113 0.822517
vn -0.117226 -0.755814 0.644207
vn 0.160508 -0.901579 0.401736
vn 0.426649 -0.904308 0.014071
vn 0.456330 -0.889186 0.033332
vn -0.374953 -0.494051 -0.784426
vn -0.794092 -0.281125 -0.538876
vn -0.269508 -0.634819 0.724134
vn -0.680192 -0.159743 -0.715417
vn -0.561830 -0.327661 0.759595
vn -0.691850 0.026977 -0.721537
vn -0.628606 -0.477061 0.614220
vn -0.657908 -0.579627 0.480822
vn -0.787622 0.270064 -0.553821
vn -0.871335 0.410473 -0.268862
vn -0.617296 -0.637292 0.461307
vn -0.895884 0.438746 -0.069959
vn -0.578667 -0.740055 0.342729
vn -0.496339 -0.866414 0.054541
vn -0.856337 0.511791 -0.068970
vn -0.334479 -0.928836 0.159333
vn 0.196265 -0.867514 0.457056
vn 0.315694 -0.931932 0.178439
vn -0.094072 -0.964478 0.246845
vn -0.843084 0.039440 0.536333
vn -0.787622 -0.270064 -0.553821
vn -0.502100 -0.220871 -0.836129
vn -0.193708 -0.070884 -0.978495
vn -0.691850 -0.026977 -0.721537
vn -0.680192 0.159743 -0.715417
vn -0.517692 0.293198 -0.803760
vn -0.794092 0.281125 -0.538876
vn -0.725533 0.000000 -0.688187
vn -0.305617 -0.408510 -0.860068
vn -0.374953 -0.494051 -0.784426
vn 0.282256 -0.000000 -0.959339
vn -0.504519 -0.000000 -0.863400
vn -0.374953 0.494051 -0.784426
vn -0.305617 0.408510 -0.860068
vn 0.491208 0.870976 0.010759
vn 0.432906 0.901430 0.004096
vn 0.490425 0.870600 0.039231
vn 0.420386 0.905032 0.064758
vn 0.369722 0.858921 0.354346
vn 0.160508 0.901579 0.401736
vn 0.271455 0.698202 0.662439
vn -0.117226 0.755814 0.644207
vn -0.119180 0.556113 0.822517
vn 0.320706 0.358412 0.876749
vn 0.120648 0.218315 0.968392
vn 0.384780 0.058775 0.921135
vn 0.485831 0.085753 0.869836
vn 0.376400 -0.051663 0.925016
vn 0.381292 0.373814 0.845505
vn 0.269772 -0.013833 0.962825
vn -0.374953 0.494051 -0.784426
vn -0.269519 0.634831 0.724119
vn -0.561830 0.327661 0.759595
vn -0.794092 0.281125 -0.538876
vn -0.628606 0.477061 0.614220
vn -0.680192 0.159743 -0.715417
vn -0.657908 0.579627 0.480822
vn -0.691850 -0.026977 -0.721537
vn -0.787622 -0.270064 -0.553821
vn -0.617296 0.637292 0.461307
vn -0.578667 0.740055 0.342729
vn -0.871335 -0.410473 -0.268862
vn -0.892045 -0.444768 -0.080233
vn -0.495031 0.862974 0.101097
vn 0.208190 0.888618 0.408674
vn -0.039183 0.991517 0.123931
vn -0.859167 -0.510481 -0.035219
vn -0.823575 -0.016189 0.566977
vn 0.297459 0.952216 0.069307
vn -0.282133 0.954327 0.098287
vn -0.772958 -0.552742 0.311468
vn -0.797505 -0.411949 0.440776
vn 0.480541 -0.874112 0.070771
vn 0.753861 0.475490 -0.453434
vn 0.727704 0.616737 -0.300136
vn 0.683492 0.715234 -0.145875
vn 0.557449 -0.829522 -0.033817
vn 0.613891 0.780318 0.119340
vn -0.223552 -0.920712 0.319866
vn -0.770651 -0.535257 0.345829
vn -0.830665 -0.526991 0.179655
vn 0.580639 0.796431 0.168986
vn 0.613891 0.780318 0.119340
vn 0.301355 0.948240 -0.100126
vn 0.683492 0.715234 -0.145875
vn 0.321341 0.915632 -0.241573
vn 0.727704 0.616737 -0.300136
vn 0.753861 0.475490 -0.453434
vn 0.726616 0.312453 -0.611884
vn 0.630421 0.145059 -0.762579
vn 0.532282 0.066882 -0.843921
vn -0.374953 -0.494051 -0.784426
vn 0.487977 -0.057235 -0.870978
vn -0.305617 -0.408510 -0.860068
vn -0.284760 0.392120 -0.874731
vn -0.091397 0.539658 -0.836908
vn 0.126568 0.620927 -0.773583
vn 0.268030 0.854548 -0.444868
vn 0.233469 0.745063 -0.624799
vn -0.755037 -0.275235 0.595117
vn -0.647609 -0.181121 0.740133
vn -0.588753 -0.038720 0.807385
vn -0.582771 0.192686 0.789462
vn -0.786681 -0.150115 0.598830
vn -0.123370 -0.666042 0.735642
vn -0.374953 -0.494051 -0.784426
vn 0.195874 -0.397934 0.896260
vn 0.226542 -0.577126 0.784605
vn 0.487977 -0.057235 -0.870978
vn 0.532282 0.066882 -0.843921
vn 0.167284 -0.715605 0.678178
vn 0.089169 -0.830703 0.549528
vn 0.589399 -0.000000 0.807842
vn 0.233045 -0.924893 0.300437
vn 0.630421 0.145059 -0.762579
vn 0.726616 0.312453 -0.611884
vn 0.031943 0.275927 0.960648
vn 0.540737 0.316567 0.779352
vn 0.527444 0.476739 0.703223
vn 0.011654 0.410417 0.911824
vn 0.032275 0.866697 0.497790
vn 0.015377 0.446100 0.894851
vn 0.422496 0.626986 0.654512
vn 0.208190 0.888618 0.408674
vn 0.491208 0.870976 0.010759
vn 0.777557 0.627041 0.047172
vn 0.490425 0.870600 0.039231
vn 0.826759 0.562355 -0.015034
vn 0.792814 0.565541 0.227175
vn 0.369722 0.858921 0.354346
vn 0.371259 0.324305 0.870054
vn 0.671993 0.498703 0.547467
vn 0.320706 0.358412 0.876749
vn 0.135685 0.190799 0.972206
vn 0.271455 0.698202 0.662439
vt 0.571439 -1.980487
vt 0.519131 -1.983799
vt 0.551594 -1.882648
vt 0.378041 -1.990244
vt 0.205875 -1.995117
vt 0.042035 -1.995117
vt 0.007222 -1.886884
vt 0.002441 -1.720986
vt 0.010257 -1.618253
vt 0.026408 -1.520975
vt 0.056777 -1.438101
vt 0.110306 -1.343081
vt 0.170116 -1.256106
vt 0.211058 -1.262178
vt 0.217400 -1.172877
vt 0.190822 -1.349841
vt 0.177717 -1.448462
vt 0.174637 -1.535777
vt 0.182993 -1.631438
vt 0.186606 -1.739815
vt 0.190343 -1.894681
vt 0.366287 -1.892550
vt 0.334680 -1.732329
vt 0.507647 -1.720013
vt 0.313891 -1.624627
vt 0.466803 -1.613416
vt 0.313247 -1.516556
vt 0.429478 -1.513723
vt 0.282631 -1.264500
vt 0.292414 -1.363711
vt 0.297130 -1.426250
vt 0.388261 -1.432354
vt 0.340659 -1.350656
vt 0.292414 -1.363711
vt 0.282631 -1.264500
vt 0.217400 -1.172877
vt 0.170116 -1.256106
vt 0.211058 -1.262178
vt 0.110306 -1.343081
vt 0.190822 -1.349841
vt 0.056777 -1.438101
vt 0.177717 -1.448462
vt 0.026408 -1.520975
vt 0.010257 -1.618253
vt 0.002441 -1.720986
vt 0.007222 -1.886884
vt 0.042035 -1.995117
vt 0.205875 -1.995117
vt 0.378041 -1.990244
vt 0.519131 -1.983799
vt 0.571439 -1.980487
vt 0.340659 -1.350656
vt 0.174637 -1.535777
vt 0.297130 -1.426250
vt 0.182993 -1.631438
vt 0.186606 -1.739815
vt 0.190343 -1.894681
vt 0.551594 -1.882648
vt 0.366287 -1.892550
vt 0.313247 -1.516556
vt 0.388261 -1.432354
vt 0.313891 -1.624627
vt 0.334680 -1.732329
vt 0.507647 -1.720013
vt 0.429478 -1.513723
vt 0.466803 -1.613416
vt 0.918109 -1.849069
vt 0.896664 -1.915803
vt 0.896607 -1.978319
vt 0.599423 -1.995374
vt 0.827680 -1.992035
vt 0.813551 -1.890007
vt 0.590981 -1.597927
vt 0.582779 -1.716070
vt 0.801733 -1.770475
vt 0.591481 -1.886975
vt 0.992939 -1.785431
vt 0.958144 -1.808490
vt 0.780372 -1.626206
vt 0.612164 -1.492424
vt 0.644679 -1.405760
vt 0.728972 -1.215929
vt 0.961201 -1.616810
vt 0.768765 -1.120384
vt 0.680151 -1.317069
vt 0.771670 -1.220718
vt 0.933901 -1.499660
vt 0.756546 -1.514543
vt 0.765665 -1.414728
vt 0.903234 -1.410233
vt 0.812116 -1.210922
vt 0.780880 -1.313185
vt 0.854229 -1.299418
vt 0.896664 -1.915803
vt 0.896607 -1.978319
vt 0.599423 -1.995374
vt 0.827680 -1.992035
vt 0.813551 -1.890007
vt 0.591481 -1.886975
vt 0.582779 -1.716070
vt 0.801733 -1.770475
vt 0.918109 -1.849069
vt 0.992939 -1.785431
vt 0.958144 -1.808490
vt 0.961201 -1.616810
vt 0.933901 -1.499660
vt 0.903234 -1.410233
vt 0.854229 -1.299418
vt 0.812116 -1.210922
vt 0.768765 -1.120384
vt 0.780880 -1.313185
vt 0.728972 -1.215929
vt 0.680151 -1.317069
vt 0.771670 -1.220718
vt 0.765665 -1.414728
vt 0.644679 -1.405760
vt 0.780372 -1.626206
vt 0.590981 -1.597927
vt 0.756546 -1.514543
vt 0.612164 -1.492424
vt 0.992939 -1.785431
vt 0.958144 -1.808490
vt 0.918109 -1.849069
vt 0.896664 -1.915803
vt 0.896607 -1.978319
vt 0.582779 -1.716070
vt 0.599423 -1.995374
vt 0.813551 -1.890007
vt 0.591481 -1.886975
vt 0.827680 -1.992035
vt 0.961201 -1.616810
vt 0.933901 -1.499660
vt 0.903234 -1.410233
vt 0.854229 -1.299418
vt 0.812116 -1.210922
vt 0.768765 -1.120384
vt 0.680151 -1.317069
vt 0.780880 -1.313185
vt 0.728972 -1.215929
vt 0.771670 -1.220718
vt 0.765665 -1.414728
vt 0.644679 -1.405760
vt 0.756546 -1.514543
vt 0.780372 -1.626206
vt 0.590981 -1.597927
vt 0.612164 -1.492424
vt 0.801733 -1.770475
vt 0.896607 -1.978319
vt 0.896664 -1.915803
vt 0.599423 -1.995374
vt 0.827680 -1.992035
vt 0.813551 -1.890007
vt 0.591481 -1.886975
vt 0.582779 -1.716070
vt 0.918109 -1.849069
vt 0.801733 -1.770475
vt 0.992939 -1.785431
vt 0.958144 -1.808490
vt 0.590981 -1.597927
vt 0.961201 -1.616810
vt 0.780372 -1.626206
vt 0.933901 -1.499660
vt 0.903234 -1.410233
vt 0.854229 -1.299418
vt 0.812116 -1.210922
vt 0.768765 -1.120384
vt 0.728972 -1.215929
vt 0.780880 -1.313185
vt 0.680151 -1.317069
vt 0.771670 -1.220718
vt 0.756546 -1.514543
vt 0.612164 -1.492424
vt 0.644679 -1.405760
vt 0.765665 -1.414728
vt 0.340659 -1.350656
vt 0.388261 -1.432354
vt 0.429478 -1.513723
vt 0.466803 -1.613416
vt 0.507647 -1.720013
vt 0.313891 -1.624627
vt 0.334680 -1.732329
vt 0.007222 -1.886884
vt 0.042035 -1.995117
vt 0.190343 -1.894681
vt 0.205875 -1.995117
vt 0.571439 -1.980487
vt 0.366287 -1.892550
vt 0.378041 -1.990244
vt 0.551594 -1.882648
vt 0.313247 -1.516556
vt 0.519131 -1.983799
vt 0.297130 -1.426250
vt 0.292414 -1.363711
vt 0.282631 -1.264500
vt 0.217400 -1.172877
vt 0.170116 -1.256106
vt 0.211058 -1.262178
vt 0.190822 -1.349841
vt 0.110306 -1.343081
vt 0.056777 -1.438101
vt 0.177717 -1.448462
vt 0.182993 -1.631438
vt 0.186606 -1.739815
vt 0.174637 -1.535777
vt 0.002441 -1.720986
vt 0.026408 -1.520975
vt 0.010257 -1.618253
vt 0.571439 -1.980487
vt 0.519131 -1.983799
vt 0.378041 -1.990244
vt 0.042035 -1.995117
vt 0.205875 -1.995117
vt 0.007222 -1.886884
vt 0.002441 -1.720986
vt 0.010257 -1.618253
vt 0.026408 -1.520975
vt 0.056777 -1.438101
vt 0.110306 -1.343081
vt 0.170116 -1.256106
vt 0.217400 -1.172877
vt 0.211058 -1.262178
vt 0.190822 -1.349841
vt 0.177717 -1.448462
vt 0.174637 -1.535777
vt 0.182993 -1.631438
vt 0.190343 -1.894681
vt 0.186606 -1.739815
vt 0.551594 -1.882648
vt 0.366287 -1.892550
vt 0.507647 -1.720013
vt 0.334680 -1.732329
vt 0.313891 -1.624627
vt 0.466803 -1.613416
vt 0.313247 -1.516556
vt 0.429478 -1.513723
vt 0.282631 -1.264500
vt 0.292414 -1.363711
vt 0.297130 -1.426250
vt 0.388261 -1.432354
vt 0.340659 -1.350656
vt 0.841694 -1.097501
vt 0.717336 -1.042732
vt 0.798966 -1.046295
vt 0.845776 -1.048087
vt 0.845239 -1.054190
vt 0.844207 -1.074002
vt 0.845388 -1.079760
vt 0.797780 -1.090685
vt 0.708883 -1.088677
vt 0.703922 -1.053863
vt 0.795641 -1.069918
vt 0.798476 -1.077788
vt 0.710298 -1.075855
vt 0.795271 -1.054467
vt 0.709308 -1.066942
vt 0.695232 -1.069266
vt 0.701022 -1.079469
vt 0.700980 -1.093185
vt 0.671581 -1.083377
vt 0.671849 -1.096724
vt 0.595845 -1.089122
vt 0.592569 -1.076430
vt 0.411270 -1.098487
vt 0.498292 -1.081931
vt 0.595517 -1.102409
vt 0.498872 -1.095182
vt 0.499520 -1.109234
vt 0.409088 -1.128385
vt 0.407412 -1.114519
vt 0.666609 -1.071418
vt 0.697160 -1.045458
vt 0.695463 -1.054227
vt 0.667857 -1.042817
vt 0.663376 -1.054165
vt 0.592098 -1.045995
vt 0.589606 -1.058263
vt 0.497500 -1.062647
vt 0.405079 -1.077323
vt 0.393534 -1.078078
vt 0.377455 -1.043792
vt 0.369211 -1.050084
vt 0.399146 -1.042732
vt 0.497031 -1.050438
vt 0.403268 -1.055511
vt 0.351391 -1.042512
vt 0.220715 -1.044903
vt 0.351134 -1.028487
vt 0.220458 -1.030878
vt 0.220202 -1.016853
vt 0.350877 -1.014462
vt 0.351134 -1.028487
vt 0.351391 -1.042512
vt 0.220458 -1.030878
vt 0.220715 -1.044903
vt 0.521829 -1.648400
vt 0.570066 -1.577625
vt 0.550282 -1.571030
vt 0.529372 -1.546297
vt 0.454438 -1.581974
vt 0.380866 -1.618851
vt 0.342534 -1.647585
vt 0.290899 -1.676171
vt 0.228555 -1.701613
vt 0.210343 -1.611077
vt 0.119566 -1.743665
vt 0.202073 -1.494596
vt 0.122570 -1.629355
vt 0.125368 -1.494591
vt 0.122589 -1.359830
vt 0.119599 -1.245524
vt 0.210356 -1.378118
vt 0.280035 -1.592085
vt 0.274924 -1.494600
vt 0.358609 -1.166740
vt 0.290401 -1.124318
vt 0.168370 -1.079281
vt 0.098880 -1.002548
vt 0.083111 -1.002906
vt 0.047032 -1.096718
vt 0.058885 -1.112120
vt 0.041106 -1.234212
vt 0.023081 -1.227961
vt 0.023013 -1.358918
vt 0.040011 -1.363050
vt 0.136047 -1.158394
vt 0.022657 -1.494584
vt 0.263151 -1.200876
vt 0.322357 -1.234545
vt 0.362944 -1.270505
vt 0.570068 -1.411593
vt 0.521834 -1.340818
vt 0.550284 -1.418186
vt 0.419994 -1.222063
vt 0.487591 -1.370277
vt 0.333822 -1.575210
vt 0.400442 -1.305890
vt 0.465621 -1.275658
vt 0.371574 -1.559104
vt 0.518913 -1.524945
vt 0.435702 -1.543003
vt 0.618226 -1.508120
vt 0.616724 -1.494609
vt 0.529374 -1.442919
vt 0.618226 -1.481098
vt 0.454442 -1.407239
vt 0.380874 -1.370359
vt 0.428669 -1.494606
vt 0.368829 -1.494604
vt 0.329580 -1.494602
vt 0.515555 -1.494607
vt 0.228577 -1.287587
vt 0.371578 -1.430104
vt 0.290915 -1.313035
vt 0.342546 -1.341623
vt 0.280044 -1.397116
vt 0.435704 -1.446208
vt 0.333828 -1.413996
vt 0.518914 -1.464270
vt 0.966774 -1.542136
vt 0.969109 -1.600497
vt 0.958902 -1.538695
vt 0.960617 -1.599107
vt 0.966283 -1.666359
vt 0.957894 -1.664758
vt 0.947856 -1.657733
vt 0.950869 -1.593986
vt 0.951403 -1.540303
vt 0.955168 -1.515817
vt 0.951276 -1.522578
vt 0.944740 -1.516723
vt 0.946668 -1.523490
vt 0.937951 -1.540687
vt 0.944745 -1.541069
vt 0.931638 -1.599144
vt 0.952935 -1.756651
vt 0.940721 -1.751978
vt 0.942335 -1.709334
vt 0.960547 -1.718108
vt 0.953123 -1.715934
vt 0.960970 -1.758213
vt 0.956763 -1.762113
vt 0.940895 -1.596999
vt 0.958500 -1.774076
vt 0.940618 -1.660433
vt 0.928358 -1.663950
vt 0.935969 -1.711285
vt 0.925263 -1.716395
vt 0.921076 -1.755385
vt 0.931507 -1.750558
vt 0.931086 -1.769659
vt 0.939822 -1.770405
vt 0.951612 -1.772079
vt 0.956763 -1.762113
vt 0.960970 -1.758213
vt 0.960547 -1.718108
vt 0.952935 -1.756651
vt 0.953123 -1.715934
vt 0.940721 -1.751978
vt 0.942335 -1.709334
vt 0.947856 -1.657733
vt 0.940618 -1.660433
vt 0.928358 -1.663950
vt 0.935969 -1.711285
vt 0.925263 -1.716395
vt 0.921467 -1.769899
vt 0.931507 -1.750558
vt 0.921076 -1.755385
vt 0.966283 -1.666359
vt 0.957894 -1.664758
vt 0.960617 -1.599107
vt 0.950869 -1.593986
vt 0.931638 -1.599144
vt 0.940895 -1.596999
vt 0.937951 -1.540687
vt 0.944740 -1.516723
vt 0.944745 -1.541069
vt 0.946668 -1.523490
vt 0.966774 -1.542136
vt 0.951276 -1.522578
vt 0.955168 -1.515817
vt 0.958902 -1.538695
vt 0.951403 -1.540303
vt 0.969109 -1.600497
vt 0.989199 -1.964061
vt 0.989199 -1.964061
vt 0.981746 -1.968884
vt 1.001852 -1.985503
vt 0.920234 -1.986128
vt 0.979732 -1.961862
vt 0.981746 -1.968884
vt 0.966034 -1.934918
vt 0.987803 -1.989787
vt 0.902956 -1.953168
vt 0.950270 -1.954567
vt 0.974465 -1.952966
vt 0.920764 -1.971479
vt 0.937431 -1.958971
vt 0.974020 -1.974261
vt 0.970906 -1.971003
vt 0.979732 -1.961862
vt 0.967538 -1.965979
vt 0.977137 -1.991025
vt 0.974020 -1.974261
vt 0.966034 -1.934918
vt 0.945310 -1.970340
vt 0.939357 -1.975130
vt 0.970906 -1.971003
vt 0.952650 -1.967015
vt 0.936837 -1.989659
vt 0.950270 -1.954567
vt 0.952650 -1.967015
vt 0.939357 -1.975130
vt 0.974465 -1.952966
vt 0.945310 -1.970340
vt 0.967538 -1.965979
vt 0.955073 -1.991220
vt 0.902956 -1.953168
vt 0.920764 -1.971479
vt 0.937431 -1.958971
vt 0.841694 -1.097501
vt 0.717336 -1.042732
vt 0.798966 -1.046295
vt 0.845776 -1.048087
vt 0.845239 -1.054190
vt 0.844207 -1.074002
vt 0.845388 -1.079760
vt 0.797780 -1.090685
vt 0.708883 -1.088677
vt 0.710298 -1.075855
vt 0.798476 -1.077788
vt 0.795641 -1.069918
vt 0.701022 -1.079469
vt 0.695232 -1.069266
vt 0.703922 -1.053863
vt 0.795271 -1.054467
vt 0.709308 -1.066942
vt 0.700980 -1.093185
vt 0.671581 -1.083377
vt 0.671849 -1.096724
vt 0.595517 -1.102409
vt 0.595845 -1.089122
vt 0.592569 -1.076430
vt 0.411270 -1.098487
vt 0.498292 -1.081931
vt 0.409088 -1.128385
vt 0.499520 -1.109234
vt 0.498872 -1.095182
vt 0.666609 -1.071418
vt 0.407412 -1.114519
vt 0.695463 -1.054227
vt 0.697160 -1.045458
vt 0.663376 -1.054165
vt 0.667857 -1.042817
vt 0.589606 -1.058263
vt 0.592098 -1.045995
vt 0.497500 -1.062647
vt 0.393534 -1.078078
vt 0.405079 -1.077323
vt 0.369211 -1.050084
vt 0.377455 -1.043792
vt 0.399146 -1.042732
vt 0.497031 -1.050438
vt 0.403268 -1.055511
vt 0.968548 -1.484298
vt 0.960266 -1.486331
vt 0.979685 -1.419792
vt 0.977201 -1.481883
vt 0.968548 -1.484298
vt 0.960266 -1.486331
vt 0.952212 -1.484613
vt 0.971300 -1.421521
vt 0.963063 -1.419909
vt 0.971300 -1.421521
vt 0.970919 -1.354087
vt 0.988077 -1.354961
vt 0.988197 -1.420390
vt 0.979685 -1.419792
vt 0.979408 -1.355104
vt 0.949561 -1.102592
vt 0.980126 -1.288724
vt 0.974987 -1.223117
vt 0.988077 -1.354961
vt 0.988310 -1.290373
vt 0.966754 -1.160907
vt 0.966722 -1.223285
vt 0.979408 -1.355104
vt 0.966754 -1.160907
vt 0.983259 -1.226166
vt 0.996729 -1.289060
vt 0.983259 -1.226166
vt 0.971661 -1.288378
vt 0.974987 -1.223117
vt 0.980126 -1.288724
vt 0.958702 -1.161404
vt 0.988310 -1.290373
vt 0.996730 -1.354735
vt 0.991510 -1.224122
vt 0.974872 -1.161216
vt 0.957057 -1.100439
vt 0.974872 -1.161216
vt 0.965528 -1.098884
vt 0.957057 -1.100439
vt 0.965528 -1.098884
vt 0.982904 -1.158800
vt 0.973538 -1.097478
vt 0.898290 -1.007946
vt 0.907982 -1.077031
vt 0.915506 -1.072187
vt 0.907422 -1.011468
vt 0.947994 -1.193545
vt 0.949561 -1.248114
vt 0.949558 -1.307985
vt 0.947541 -1.366011
vt 0.944170 -1.131907
vt 0.942482 -1.074071
vt 0.939295 -1.006069
vt 0.931333 -1.073156
vt 0.915279 -1.012798
vt 0.926671 -1.012194
vt 0.935114 -1.134372
vt 0.919958 -1.137403
vt 0.923327 -1.070053
vt 0.937813 -1.195850
vt 0.939901 -1.249801
vt 0.940707 -1.309504
vt 0.931756 -1.366722
vt 0.933371 -1.306972
vt 0.930347 -1.192102
vt 0.939132 -1.368200
vt 0.927403 -1.134688
vt 0.932650 -1.250582
vt 0.945480 -1.429426
vt 0.942545 -1.481828
vt 0.937029 -1.430271
vt 0.934577 -1.486331
vt 0.929653 -1.426266
vt 0.927141 -1.486187
vt 0.912044 -1.480263
vt 0.919156 -1.484698
vt 0.922029 -1.424852
vt 0.914329 -1.428082
vt 0.924189 -1.364459
vt 0.916507 -1.364636
vt 0.925777 -1.305890
vt 0.918090 -1.306743
vt 0.925187 -1.250419
vt 0.917842 -1.245753
vt 0.915496 -1.193782
vt 0.922682 -1.191344
vt 0.912156 -1.130323
vt 0.860028 -1.897442
vt 0.878088 -1.906951
vt 0.898011 -1.918102
vt 0.922039 -1.922378
vt 0.837776 -1.885929
vt 0.814990 -1.876123
vt 0.808315 -1.855082
vt 0.838259 -1.851990
vt 0.861502 -1.849296
vt 0.872697 -1.848399
vt 0.888255 -1.847251
vt 0.879533 -1.817586
vt 0.862684 -1.823146
vt 0.850903 -1.827818
vt 0.827909 -1.839336
vt 0.982295 -1.930432
vt 0.960695 -1.916698
vt 0.943520 -1.841971
vt 0.938287 -1.805392
vt 0.943520 -1.841971
vt 0.922039 -1.922378
vt 0.888255 -1.847251
vt 0.898011 -1.918102
vt 0.872697 -1.848399
vt 0.986071 -1.875308
vt 0.987140 -1.896590
vt 0.995985 -1.902015
vt 0.991184 -1.926535
vt 0.987028 -1.927318
vt 0.983850 -1.924887
vt 0.987828 -1.931496
vt 0.960695 -1.916698
vt 0.982295 -1.930432
vt 0.987828 -1.931496
vt 0.987028 -1.927318
vt 0.983850 -1.924887
vt 0.987140 -1.896590
vt 0.991184 -1.926535
vt 0.995985 -1.902015
vt 0.998019 -1.864125
vt 0.986071 -1.875308
vt 0.986660 -1.828861
vt 0.972276 -1.838530
vt 0.973055 -1.792361
vt 0.958462 -1.800152
vt 0.998019 -1.864125
vt 0.972276 -1.838530
vt 0.986660 -1.828861
vt 0.819187 -1.000000
vt 0.840125 -1.017813
vt 0.693760 -1.025931
vt 0.696386 -1.042732
vt 0.640179 -1.042262
vt 0.637551 -1.025461
vt 0.589992 -1.021673
vt 0.593064 -1.035808
vt 0.555995 -1.017018
vt 0.558653 -1.031844
vt 0.515473 -1.022579
vt 0.510088 -1.007225
vt 0.454600 -1.016068
vt 0.448968 -1.000000
vt 0.374842 -1.034654
vt 0.369211 -1.018587
vt 0.448968 -1.000000
vt 0.454600 -1.016068
vt 0.515473 -1.022579
vt 0.510088 -1.007225
vt 0.558653 -1.031844
vt 0.555995 -1.017018
vt 0.593064 -1.035808
vt 0.589992 -1.021673
vt 0.640179 -1.042262
vt 0.637551 -1.025461
vt 0.840125 -1.017813
vt 0.819187 -1.000000
vt 0.696386 -1.042732
vt 0.693760 -1.025931
vt 0.901047 -1.651112
vt 0.900111 -1.672766
vt 0.881159 -1.674757
vt 0.662880 -1.989536
vt 0.679521 -1.874870
vt 0.721014 -1.773181
vt 0.806726 -1.698859
vt 0.888126 -1.655170
vt 0.660831 -1.641784
vt 0.584586 -1.662600
vt 0.529243 -1.700013
vt 0.492550 -1.731943
vt 0.472246 -1.790500
vt 0.632760 -1.689325
vt 0.581428 -1.693593
vt 0.457269 -1.875060
vt 0.570708 -1.784710
vt 0.560990 -1.872839
vt 0.612652 -1.988955
vt 0.679521 -1.874870
vt 0.721014 -1.773181
vt 0.660831 -1.641784
vt 0.584586 -1.662600
vt 0.529243 -1.700013
vt 0.492550 -1.731943
vt 0.454631 -1.989921
vt 0.632760 -1.689325
vt 0.472246 -1.790500
vt 0.581428 -1.693593
vt 0.457269 -1.875060
vt 0.560990 -1.872839
vt 0.570708 -1.784710
vt 0.901047 -1.651112
vt 0.806726 -1.698859
vt 0.881159 -1.674757
vt 0.900111 -1.672766
vt 0.888126 -1.655170
vt 0.823525 -1.544272
vt 0.601354 -1.430161
vt 0.654885 -1.477690
vt 0.781405 -1.488321
vt 0.652066 -1.426503
vt 0.612106 -1.401748
vt 0.751551 -1.391665
vt 0.759023 -1.292069
vt 0.794291 -1.192849
vt 0.759023 -1.292069
vt 0.751551 -1.391665
vt 0.823525 -1.544272
vt 0.781405 -1.488321
vt 0.654885 -1.477690
vt 0.652066 -1.426503
vt 0.601354 -1.430161
vt 0.612106 -1.401748
vt 0.571943 -1.377003
vt 0.563330 -1.277697
vt 0.554680 -1.336865
vt 0.640627 -1.322327
vt 0.668387 -1.243568
vt 0.586766 -1.202775
vt 0.631262 -1.108323
vt 0.759481 -1.174763
vt 0.668387 -1.243568
vt 0.586766 -1.202775
vt 0.640627 -1.322327
vt 0.571943 -1.377003
vt 0.563330 -1.277697
vt 0.554680 -1.336865
vt 0.846018 -1.415025
vt 0.827755 -1.351542
vt 0.816834 -1.296069
vt 0.815802 -1.240703
vt 0.820318 -1.187490
vt 0.836995 -1.140424
vt 0.857626 -1.089920
vt 0.880158 -1.035023
vt 0.886299 -1.038368
vt 0.866397 -1.087693
vt 0.845547 -1.142213
vt 0.829813 -1.190186
vt 0.823836 -1.242328
vt 0.826887 -1.296354
vt 0.836655 -1.350092
vt 0.855448 -1.413436
vt 0.898290 -1.043680
vt 0.879184 -1.091056
vt 0.891384 -1.043774
vt 0.860835 -1.138726
vt 0.873444 -1.087815
vt 0.843971 -1.193356
vt 0.854201 -1.136414
vt 0.837521 -1.191098
vt 0.838938 -1.243453
vt 0.840396 -1.291481
vt 0.832515 -1.240565
vt 0.851374 -1.346930
vt 0.834027 -1.295774
vt 0.844267 -1.348931
vt 0.872603 -1.409206
vt 0.864422 -1.412164
vt 0.874469 -1.486331
vt 0.880399 -1.472511
vt 0.887376 -1.471236
vt 0.898290 -1.478267
vt 0.878088 -1.906951
vt 0.861502 -1.849296
vt 0.838259 -1.851990
vt 0.860028 -1.897442
vt 0.837776 -1.885929
vt 0.808315 -1.855082
vt 0.814990 -1.876123
vt 0.799522 -1.853150
vt 0.792219 -1.866335
vt 0.796534 -1.863019
vt 0.789824 -1.864644
vt 0.793427 -1.860087
vt 0.796534 -1.863019
vt 0.792219 -1.866335
vt 0.846018 -1.415025
vt 0.855448 -1.413436
vt 0.827755 -1.351542
vt 0.836655 -1.350092
vt 0.816834 -1.296069
vt 0.826887 -1.296354
vt 0.815802 -1.240703
vt 0.823836 -1.242328
vt 0.829813 -1.190186
vt 0.820318 -1.187490
vt 0.845547 -1.142213
vt 0.836995 -1.140424
vt 0.880158 -1.035023
vt 0.857626 -1.089920
vt 0.886299 -1.038368
vt 0.866397 -1.087693
vt 0.898290 -1.043680
vt 0.891384 -1.043774
vt 0.873444 -1.087815
vt 0.879184 -1.091056
vt 0.854201 -1.136414
vt 0.860835 -1.138726
vt 0.837521 -1.191098
vt 0.843971 -1.193356
vt 0.838938 -1.243453
vt 0.832515 -1.240565
vt 0.834027 -1.295774
vt 0.840396 -1.291481
vt 0.851374 -1.346930
vt 0.844267 -1.348931
vt 0.874469 -1.486331
vt 0.887376 -1.471236
vt 0.872603 -1.409206
vt 0.898290 -1.478267
vt 0.880399 -1.472511
vt 0.864422 -1.412164
vt 0.931756 -1.366722
vt 0.933371 -1.306972
vt 0.924189 -1.364459
vt 0.918090 -1.306743
vt 0.916507 -1.364636
vt 0.914329 -1.428082
vt 0.922029 -1.424852
vt 0.912044 -1.480263
vt 0.919156 -1.484698
vt 0.927141 -1.486187
vt 0.929653 -1.426266
vt 0.934577 -1.486331
vt 0.942545 -1.481828
vt 0.937029 -1.430271
vt 0.945480 -1.429426
vt 0.939132 -1.368200
vt 0.947541 -1.366011
vt 0.949558 -1.307985
vt 0.949561 -1.248114
vt 0.947994 -1.193545
vt 0.944170 -1.131907
vt 0.939295 -1.006069
vt 0.942482 -1.074071
vt 0.926671 -1.012194
vt 0.931333 -1.073156
vt 0.935114 -1.134372
vt 0.937813 -1.195850
vt 0.940707 -1.309504
vt 0.939901 -1.249801
vt 0.932650 -1.250582
vt 0.930347 -1.192102
vt 0.927403 -1.134688
vt 0.923327 -1.070053
vt 0.915279 -1.012798
vt 0.907422 -1.011468
vt 0.898290 -1.007946
vt 0.915506 -1.072187
vt 0.919958 -1.137403
vt 0.907982 -1.077031
vt 0.912156 -1.130323
vt 0.922682 -1.191344
vt 0.925187 -1.250419
vt 0.039720 -1.494585
vt 0.925777 -1.305890
vt 0.915496 -1.193782
vt 0.917842 -1.245753
vt 0.022992 -1.630252
vt 0.039991 -1.626122
vt 0.041067 -1.754967
vt 0.023040 -1.761216
vt 0.083043 -1.986297
vt 0.046974 -1.892472
vt 0.058829 -1.877070
vt 0.098813 -1.986657
vt 0.168320 -1.909927
vt 0.136004 -1.830804
vt 0.290367 -1.864900
vt 0.263123 -1.788333
vt 0.322336 -1.754668
vt 0.358585 -1.822481
vt 0.400431 -1.683324
vt 0.362928 -1.718709
vt 0.465612 -1.713561
vt 0.487586 -1.618939
vt 0.419980 -1.767157
g trucker_hat.hat.smd.mesh_0
f 51/51/51 58/58/58 50/50/50
f 58/58/58 64/64/64 59/59/59
f 58/58/58 59/59/59 50/50/50
f 50/50/50 59/59/59 49/49/49
f 49/49/49 59/59/59 57/57/57
f 48/48/48 49/49/49 57/57/57
f 48/48/48 57/57/57 47/47/47
f 57/57/57 46/46/46 47/47/47
f 57/57/57 56/56/56 46/46/46
f 56/56/56 45/45/45 46/46/46
f 56/56/56 55/55/55 45/45/45
f 55/55/55 44/44/44 45/45/45
f 55/55/55 53/53/53 44/44/44
f 53/53/53 43/43/43 44/44/44
f 53/53/53 42/42/42 43/43/43
f 42/42/42 41/41/41 43/43/43
f 42/42/42 40/40/40 41/41/41
f 40/40/40 39/39/39 41/41/41
f 39/39/39 40/40/40 38/38/38
f 37/37/37 39/39/39 38/38/38
f 36/36/36 37/37/37 38/38/38
f 38/38/38 35/35/35 36/36/36
f 35/35/35 38/38/38 40/40/40
f 34/34/34 35/35/35 40/40/40
f 34/34/34 40/40/40 42/42/42
f 54/54/54 34/34/34 42/42/42
f 54/54/54 42/42/42 53/53/53
f 60/60/60 54/54/54 53/53/53
f 60/60/60 53/53/53 55/55/55
f 62/62/62 60/60/60 55/55/55
f 62/62/62 55/55/55 56/56/56
f 63/63/63 62/62/62 56/56/56
f 63/63/63 56/56/56 57/57/57
f 59/59/59 63/63/63 57/57/57
f 64/64/64 63/63/63 59/59/59
f 64/64/64 66/66/66 63/63/63
f 66/66/66 62/62/62 63/63/63
f 66/66/66 65/65/65 62/62/62
f 65/65/65 60/60/60 62/62/62
f 65/65/65 61/61/61 60/60/60
f 61/61/61 54/54/54 60/60/60
f 61/61/61 52/52/52 54/54/54
f 52/52/52 34/34/34 54/54/54
f 52/52/52 35/35/35 34/34/34
f 157/157/157 160/160/160 158/158/158
f 158/158/158 161/161/161 155/155/155
f 158/158/158 160/160/160 161/161/161
f 171/171/171 161/161/161 160/160/160
f 162/162/162 171/171/171 160/160/160
f 174/174/174 171/171/171 162/162/162
f 163/163/163 174/174/174 162/162/162
f 168/168/168 174/174/174 163/163/163
f 164/164/164 168/168/168 163/163/163
f 164/164/164 165/165/165 168/168/168
f 165/165/165 170/170/170 168/168/168
f 170/170/170 165/165/165 166/166/166
f 170/170/170 166/166/166 167/167/167
f 167/167/167 169/169/169 170/170/170
f 169/169/169 168/168/168 170/170/170
f 168/168/168 169/169/169 174/174/174
f 169/169/169 173/173/173 174/174/174
f 174/174/174 173/173/173 171/171/171
f 173/173/173 172/172/172 171/171/171
f 171/171/171 172/172/172 161/161/161
f 172/172/172 159/159/159 161/161/161
f 161/161/161 159/159/159 156/156/156
f 159/159/159 154/154/154 156/156/156
f 156/156/156 154/154/154 152/152/152
f 154/154/154 153/153/153 152/152/152
f 152/152/152 153/153/153 151/151/151
f 153/153/153 150/150/150 151/151/151
f 155/155/155 161/161/161 156/156/156
f 155/155/155 156/156/156 152/152/152
f 155/155/155 152/152/152 149/149/149
f 149/149/149 152/152/152 148/148/148
f 152/152/152 151/151/151 148/148/148
f 133/133/133 134/134/134 138/138/138
f 138/138/138 134/134/134 135/135/135
f 140/140/140 138/138/138 135/135/135
f 136/136/136 140/140/140 135/135/135
f 139/139/139 140/140/140 136/136/136
f 140/140/140 139/139/139 137/137/137
f 138/138/138 140/140/140 137/137/137
f 141/141/141 138/138/138 137/137/137
f 141/141/141 133/133/133 138/138/138
f 132/132/132 133/133/133 141/141/141
f 143/143/143 132/132/132 141/141/141
f 131/131/131 132/132/132 143/143/143
f 144/144/144 131/131/131 143/143/143
f 144/144/144 122/122/122 131/131/131
f 123/123/123 122/122/122 144/144/144
f 147/147/147 123/123/123 144/144/144
f 128/128/128 123/123/123 147/147/147
f 128/128/128 147/147/147 126/126/126
f 129/129/129 128/128/128 126/126/126
f 130/130/130 128/128/128 129/129/129
f 127/127/127 130/130/130 129/129/129
f 122/122/122 121/121/121 131/131/131
f 124/124/124 123/123/123 128/128/128
f 125/125/125 124/124/124 128/128/128
f 130/130/130 125/125/125 128/128/128
f 142/142/142 141/141/141 137/137/137
f 143/143/143 141/141/141 142/142/142
f 146/146/146 143/143/143 142/142/142
f 144/144/144 143/143/143 146/146/146
f 145/145/145 144/144/144 146/146/146
f 147/147/147 144/144/144 145/145/145
f 126/126/126 147/147/147 145/145/145
f 105/105/105 117/117/117 119/119/119
f 95/95/95 97/97/97 98/98/98
f 94/94/94 95/95/95 98/98/98
f 102/102/102 94/94/94 98/98/98
f 102/102/102 98/98/98 101/101/101
f 102/102/102 101/101/101 117/117/117
f 104/104/104 102/102/102 117/117/117
f 104/104/104 117/117/117 105/105/105
f 103/103/103 104/104/104 105/105/105
f 101/101/101 100/100/100 118/118/118
f 101/101/101 98/98/98 100/100/100
f 98/98/98 99/99/99 100/100/100
f 98/98/98 97/97/97 99/99/99
f 97/97/97 96/96/96 99/99/99
f 106/106/106 105/105/105 119/119/119
f 106/106/106 119/119/119 115/115/115
f 107/107/107 106/106/106 115/115/115
f 107/107/107 115/115/115 111/111/111
f 108/108/108 107/107/107 111/111/111
f 108/108/108 111/111/111 109/109/109
f 111/111/111 114/114/114 109/109/109
f 114/114/114 110/110/110 109/109/109
f 114/114/114 112/112/112 110/110/110
f 112/112/112 114/114/114 113/113/113
f 114/114/114 111/111/111 113/113/113
f 111/111/111 115/115/115 113/113/113
f 115/115/115 116/116/116 113/113/113
f 115/115/115 119/119/119 116/116/116
f 119/119/119 120/120/120 116/116/116
f 119/119/119 117/117/117 120/120/120
f 117/117/117 118/118/118 120/120/120
f 117/117/117 101/101/101 118/118/118
f 83/83/83 77/77/77 78/78/78
f 79/79/79 78/78/78 67/67/67
f 83/83/83 78/78/78 79/79/79
f 79/79/79 88/88/88 83/83/83
f 88/88/88 87/87/87 83/83/83
f 88/88/88 89/89/89 87/87/87
f 89/89/89 90/90/90 87/87/87
f 89/89/89 92/92/92 90/90/90
f 92/92/92 93/93/93 90/90/90
f 91/91/91 93/93/93 92/92/92
f 86/86/86 91/91/91 92/92/92
f 91/91/91 86/86/86 84/84/84
f 84/84/84 86/86/86 82/82/82
f 85/85/85 82/82/82 86/86/86
f 92/92/92 85/85/85 86/86/86
f 85/85/85 92/92/92 89/89/89
f 81/81/81 85/85/85 89/89/89
f 81/81/81 89/89/89 88/88/88
f 80/80/80 81/81/81 88/88/88
f 71/71/71 72/72/72 69/69/69
f 72/72/72 68/68/68 69/69/69
f 72/72/72 67/67/67 68/68/68
f 75/75/75 67/67/67 72/72/72
f 79/79/79 67/67/67 75/75/75
f 80/80/80 88/88/88 79/79/79
f 73/73/73 80/80/80 79/79/79
f 73/73/73 79/79/79 75/75/75
f 74/74/74 73/73/73 75/75/75
f 74/74/74 75/75/75 72/72/72
f 76/76/76 74/74/74 72/72/72
f 76/76/76 72/72/72 71/71/71
f 70/70/70 76/76/76 71/71/71
f 228/228/228 208/208/208 209/209/209
f 229/229/229 228/228/228 209/209/209
f 229/229/229 209/209/209 210/210/210
f 229/229/229 210/210/210 226/226/226
f 210/210/210 212/212/212 226/226/226
f 226/226/226 212/212/212 211/211/211
f 213/213/213 226/226/226 211/211/211
f 227/227/227 226/226/226 213/213/213
f 214/214/214 227/227/227 213/213/213
f 225/225/225 227/227/227 214/214/214
f 215/215/215 225/225/225 214/214/214
f 224/224/224 225/225/225 215/215/215
f 216/216/216 224/224/224 215/215/215
f 223/223/223 224/224/224 216/216/216
f 217/217/217 223/223/223 216/216/216
f 222/222/222 223/223/223 217/217/217
f 218/218/218 222/222/222 217/217/217
f 222/222/222 218/218/218 221/221/221
f 218/218/218 219/219/219 221/221/221
f 219/219/219 220/220/220 221/221/221
f 236/236/236 221/221/221 220/220/220
f 221/221/221 236/236/236 222/222/222
f 236/236/236 237/237/237 222/222/222
f 222/222/222 237/237/237 223/223/223
f 237/237/237 238/238/238 223/223/223
f 223/223/223 238/238/238 224/224/224
f 238/238/238 234/234/234 224/224/224
f 224/224/224 234/234/234 225/225/225
f 234/234/234 232/232/232 225/225/225
f 225/225/225 232/232/232 227/227/227
f 232/232/232 231/231/231 227/227/227
f 227/227/227 231/231/231 226/226/226
f 231/231/231 229/229/229 226/226/226
f 231/231/231 230/230/230 229/229/229
f 230/230/230 228/228/228 229/229/229
f 233/233/233 230/230/230 231/231/231
f 232/232/232 233/233/233 231/231/231
f 235/235/235 233/233/233 232/232/232
f 234/234/234 235/235/235 232/232/232
f 239/239/239 235/235/235 234/234/234
f 238/238/238 239/239/239 234/234/234
f 240/240/240 239/239/239 238/238/238
f 237/237/237 240/240/240 238/238/238
f 236/236/236 240/240/240 237/237/237
f 193/193/193 194/194/194 175/175/175
f 192/192/192 193/193/193 175/175/175
f 176/176/176 192/192/192 175/175/175
f 190/190/190 192/192/192 176/176/176
f 177/177/177 190/190/190 176/176/176
f 180/180/180 190/190/190 177/177/177
f 178/178/178 180/180/180 177/177/177
f 181/181/181 180/180/180 178/178/178
f 179/179/179 181/181/181 178/178/178
f 196/196/196 197/197/197 199/199/199
f 197/197/197 196/196/196 195/195/195
f 195/195/195 194/194/194 197/197/197
f 198/198/198 197/197/197 194/194/194
f 193/193/193 198/198/198 194/194/194
f 201/201/201 198/198/198 193/193/193
f 192/192/192 201/201/201 193/193/193
f 204/204/204 201/201/201 192/192/192
f 190/190/190 204/204/204 192/192/192
f 202/202/202 204/204/204 190/190/190
f 180/180/180 202/202/202 190/190/190
f 203/203/203 202/202/202 180/180/180
f 181/181/181 203/203/203 180/180/180
f 184/184/184 203/203/203 181/181/181
f 187/187/187 184/184/184 181/181/181
f 187/187/187 181/181/181 179/179/179
f 189/189/189 187/187/187 179/179/179
f 191/191/191 189/189/189 186/186/186
f 191/191/191 187/187/187 189/189/189
f 188/188/188 187/187/187 191/191/191
f 184/184/184 187/187/187 188/188/188
f 185/185/185 184/184/184 188/188/188
f 185/185/185 183/183/183 184/184/184
f 183/183/183 182/182/182 184/184/184
f 203/203/203 184/184/184 182/182/182
f 205/205/205 203/203/203 182/182/182
f 203/203/203 205/205/205 202/202/202
f 205/205/205 207/207/207 202/202/202
f 204/204/204 202/202/202 207/207/207
f 206/206/206 204/204/204 207/207/207
f 204/204/204 206/206/206 201/201/201
f 206/206/206 200/200/200 201/201/201
f 201/201/201 200/200/200 198/198/198
f 200/200/200 199/199/199 198/198/198
f 197/197/197 198/198/198 199/199/199
f 23/23/23 24/24/24 26/26/26
f 25/25/25 23/23/23 26/26/26
f 25/25/25 26/26/26 28/28/28
f 27/27/27 25/25/25 28/28/28
f 27/27/27 28/28/28 32/32/32
f 31/31/31 27/27/27 32/32/32
f 31/31/31 32/32/32 33/33/33
f 30/30/30 31/31/31 33/33/33
f 29/29/29 30/30/30 33/33/33
f 14/14/14 13/13/13 12/12/12
f 13/13/13 14/14/14 15/15/15
f 29/29/29 15/15/15 14/14/14
f 14/14/14 16/16/16 29/29/29
f 16/16/16 30/30/30 29/29/29
f 16/16/16 17/17/17 30/30/30
f 17/17/17 31/31/31 30/30/30
f 17/17/17 18/18/18 31/31/31
f 18/18/18 27/27/27 31/31/31
f 18/18/18 19/19/19 27/27/27
f 19/19/19 25/25/25 27/27/27
f 19/19/19 20/20/20 25/25/25
f 20/20/20 23/23/23 25/25/25
f 20/20/20 21/21/21 23/23/23
f 21/21/21 22/22/22 23/23/23
f 23/23/23 22/22/22 24/24/24
f 22/22/22 3/3/3 24/24/24
f 3/3/3 2/2/2 1/1/1
f 22/22/22 2/2/2 3/3/3
f 22/22/22 4/4/4 2/2/2
f 22/22/22 21/21/21 4/4/4
f 21/21/21 5/5/5 4/4/4
f 6/6/6 5/5/5 21/21/21
f 7/7/7 6/6/6 21/21/21
f 21/21/21 20/20/20 7/7/7
f 20/20/20 8/8/8 7/7/7
f 8/8/8 20/20/20 19/19/19
f 9/9/9 8/8/8 19/19/19
f 19/19/19 18/18/18 9/9/9
f 18/18/18 10/10/10 9/9/9
f 10/10/10 18/18/18 17/17/17
f 11/11/11 10/10/10 17/17/17
f 11/11/11 17/17/17 16/16/16
f 12/12/12 11/11/11 16/16/16
f 16/16/16 14/14/14 12/12/12
g trucker_hat.hat.smd.mesh_1
f 359/359/359 361/361/361 360/360/360
f 393/393/393 383/383/383 392/392/392
f 392/392/392 383/383/383 381/381/381
f 375/375/375 392/392/392 381/381/381
f 375/375/375 381/381/381 380/380/380
f 375/375/375 380/380/380 378/378/378
f 379/379/379 375/375/375 378/378/378
f 379/379/379 378/378/378 363/363/363
f 364/364/364 379/379/379 363/363/363
f 364/364/364 363/363/363 360/360/360
f 362/362/362 364/364/364 360/360/360
f 361/361/361 362/362/362 360/360/360
f 366/366/366 362/362/362 361/361/361
f 362/362/362 366/366/366 364/364/364
f 366/366/366 365/365/365 364/364/364
f 365/365/365 377/377/377 364/364/364
f 377/377/377 365/365/365 384/384/384
f 386/386/386 377/377/377 384/384/384
f 376/376/376 377/377/377 386/386/386
f 389/389/389 376/376/376 386/386/386
f 391/391/391 376/376/376 389/389/389
f 390/390/390 391/391/391 389/389/389
f 365/365/365 366/366/366 384/384/384
f 391/391/391 392/392/392 376/376/376
f 376/376/376 392/392/392 375/375/375
f 376/376/376 375/375/375 379/379/379
f 377/377/377 376/376/376 379/379/379
f 377/377/377 379/379/379 364/364/364
f 373/373/373 372/372/372 374/374/374
f 373/373/373 371/371/371 372/372/372
f 369/369/369 371/371/371 373/373/373
f 371/371/371 369/369/369 368/368/368
f 368/368/368 369/369/369 361/361/361
f 369/369/369 367/367/367 361/361/361
f 367/367/367 366/366/366 361/361/361
f 366/366/366 367/367/367 382/382/382
f 366/366/366 382/382/382 384/384/384
f 384/384/384 382/382/382 385/385/385
f 384/384/384 385/385/385 387/387/387
f 386/386/386 384/384/384 387/387/387
f 386/386/386 387/387/387 388/388/388
f 389/389/389 386/386/386 388/388/388
f 389/389/389 388/388/388 405/405/405
f 390/390/390 389/389/389 405/405/405
f 390/390/390 405/405/405 406/406/406
f 390/390/390 406/406/406 391/391/391
f 367/367/367 369/369/369 373/373/373
f 367/367/367 373/373/373 382/382/382
f 382/382/382 373/373/373 374/374/374
f 382/382/382 374/374/374 385/385/385
f 405/405/405 407/407/407 406/406/406
f 406/406/406 407/407/407 403/403/403
f 406/406/406 403/403/403 398/398/398
f 403/403/403 399/399/399 398/398/398
f 403/403/403 401/401/401 399/399/399
f 401/401/401 400/400/400 399/399/399
f 407/407/407 404/404/404 403/403/403
f 403/403/403 404/404/404 401/401/401
f 404/404/404 402/402/402 401/401/401
f 397/397/397 396/396/396 398/398/398
f 399/399/399 397/397/397 398/398/398
f 409/409/409 397/397/397 399/399/399
f 400/400/400 409/409/409 399/399/399
f 409/409/409 400/400/400 411/411/411
f 400/400/400 401/401/401 411/411/411
f 401/401/401 413/413/413 411/411/411
f 401/401/401 402/402/402 413/413/413
f 402/402/402 412/412/412 413/413/413
f 410/410/410 409/409/409 411/411/411
f 406/406/406 398/398/398 391/391/391
f 391/391/391 398/398/398 392/392/392
f 398/398/398 396/396/396 392/392/392
f 396/396/396 393/393/393 392/392/392
f 396/396/396 394/394/394 393/393/393
f 395/395/395 394/394/394 396/396/396
f 397/397/397 395/395/395 396/396/396
f 408/408/408 395/395/395 397/397/397
f 409/409/409 408/408/408 397/397/397
f 423/423/423 408/408/408 409/409/409
f 410/410/410 423/423/423 409/409/409
f 423/423/423 410/410/410 421/421/421
f 421/421/421 410/410/410 411/411/411
f 422/422/422 421/421/421 411/411/411
f 411/411/411 413/413/413 422/422/422
f 413/413/413 416/416/416 422/422/422
f 413/413/413 412/412/412 416/416/416
f 412/412/412 414/414/414 416/416/416
f 418/418/418 423/423/423 421/421/421
f 416/416/416 414/414/414 417/417/417
f 414/414/414 415/415/415 417/417/417
f 415/415/415 420/420/420 417/417/417
f 420/420/420 419/419/419 417/417/417
f 420/420/420 421/421/421 419/419/419
f 421/421/421 422/422/422 419/419/419
f 422/422/422 416/416/416 419/419/419
f 416/416/416 417/417/417 419/419/419
f 722/722/722 726/726/726 723/723/723
f 723/723/723 721/721/721 722/722/722
f 722/722/722 721/721/721 720/720/720
f 721/721/721 719/719/719 720/720/720
f 720/720/720 719/719/719 718/718/718
f 719/719/719 717/717/717 718/718/718
f 720/720/720 726/726/726 722/722/722
f 710/710/710 711/711/711 733/733/733
f 710/710/710 733/733/733 712/712/712
f 712/712/712 733/733/733 713/713/713
f 733/733/733 731/731/731 713/713/713
f 713/713/713 731/731/731 714/714/714
f 731/731/731 730/730/730 714/714/714
f 714/714/714 730/730/730 727/727/727
f 715/715/715 714/714/714 727/727/727
f 715/715/715 727/727/727 726/726/726
f 716/716/716 715/715/715 726/726/726
f 716/716/716 726/726/726 720/720/720
f 718/718/718 716/716/716 720/720/720
f 709/709/709 710/710/710 712/712/712
f 709/709/709 706/706/706 708/708/708
f 710/710/710 709/709/709 708/708/708
f 710/710/710 708/708/708 707/707/707
f 711/711/711 710/710/710 707/707/707
f 734/734/734 711/711/711 707/707/707
f 711/711/711 734/734/734 733/733/733
f 734/734/734 736/736/736 733/733/733
f 736/736/736 735/735/735 733/733/733
f 733/733/733 735/735/735 731/731/731
f 735/735/735 732/732/732 731/731/731
f 731/731/731 732/732/732 730/730/730
f 732/732/732 729/729/729 730/730/730
f 730/730/730 729/729/729 728/728/728
f 727/727/727 730/730/730 728/728/728
f 727/727/727 728/728/728 724/724/724
f 726/726/726 727/727/727 724/724/724
f 725/725/725 726/726/726 724/724/724
f 723/723/723 726/726/726 725/725/725
f 278/278/278 264/264/264 277/277/277
f 275/275/275 283/283/283 276/276/276
f 283/283/283 277/277/277 276/276/276
f 276/276/276 277/277/277 262/262/262
f 277/277/277 264/264/264 262/262/262
f 264/264/264 266/266/266 262/262/262
f 269/269/269 266/266/266 264/264/264
f 263/263/263 269/269/269 264/264/264
f 280/280/280 281/281/281 282/282/282
f 281/281/281 284/284/284 282/282/282
f 282/282/282 284/284/284 283/283/283
f 284/284/284 277/277/277 283/283/283
f 284/284/284 278/278/278 277/277/277
f 279/279/279 278/278/278 284/284/284
f 281/281/281 279/279/279 284/284/284
f 269/269/269 268/268/268 267/267/267
f 266/266/266 269/269/269 267/267/267
f 266/266/266 267/267/267 265/265/265
f 261/261/261 266/266/266 265/265/265
f 266/266/266 261/261/261 262/262/262
f 262/262/262 261/261/261 270/270/270
f 276/276/276 262/262/262 270/270/270
f 274/274/274 276/276/276 270/270/270
f 275/275/275 276/276/276 274/274/274
f 273/273/273 275/275/275 274/274/274
f 273/273/273 274/274/274 271/271/271
f 274/274/274 272/272/272 271/271/271
f 272/272/272 274/274/274 270/270/270
f 261/261/261 265/265/265 260/260/260
f 259/259/259 261/261/261 260/260/260
f 261/261/261 259/259/259 270/270/270
f 270/270/270 259/259/259 256/256/256
f 256/256/256 272/272/272 270/270/270
f 272/272/272 256/256/256 255/255/255
f 250/250/250 272/272/272 255/255/255
f 254/254/254 250/250/250 255/255/255
f 250/250/250 254/254/254 242/242/242
f 254/254/254 243/243/243 242/242/242
f 243/243/243 254/254/254 244/244/244
f 254/254/254 245/245/245 244/244/244
f 245/245/245 254/254/254 246/246/246
f 254/254/254 251/251/251 246/246/246
f 247/247/247 246/246/246 251/251/251
f 252/252/252 247/247/247 251/251/251
f 247/247/247 252/252/252 248/248/248
f 252/252/252 253/253/253 248/248/248
f 253/253/253 252/252/252 251/251/251
f 259/259/259 260/260/260 258/258/258
f 253/253/253 249/249/249 248/248/248
f 249/249/249 253/253/253 258/258/258
f 253/253/253 257/257/257 258/258/258
f 257/257/257 259/259/259 258/258/258
f 259/259/259 257/257/257 256/256/256
f 257/257/257 253/253/253 256/256/256
f 253/253/253 255/255/255 256/256/256
f 255/255/255 253/253/253 251/251/251
f 251/251/251 254/254/254 255/255/255
f 241/241/241 247/247/247 248/248/248
f 676/676/676 669/669/669 670/670/670
f 671/671/671 676/676/676 670/670/670
f 675/675/675 676/676/676 671/671/671
f 674/674/674 685/685/685 675/675/675
f 685/685/685 682/682/682 675/675/675
f 676/676/676 675/675/675 682/682/682
f 677/677/677 676/676/676 682/682/682
f 677/677/677 682/682/682 678/678/678
f 682/682/682 683/683/683 678/678/678
f 678/678/678 683/683/683 679/679/679
f 679/679/679 683/683/683 685/685/685
f 680/680/680 679/679/679 685/685/685
f 681/681/681 680/680/680 685/685/685
f 684/684/684 681/681/681 685/685/685
f 686/686/686 684/684/684 685/685/685
f 694/694/694 684/684/684 686/686/686
f 685/685/685 683/683/683 682/682/682
f 689/689/689 702/702/702 700/700/700
f 702/702/702 695/695/695 700/700/700
f 695/695/695 702/702/702 705/705/705
f 690/690/690 695/695/695 705/705/705
f 690/690/690 691/691/691 695/695/695
f 691/691/691 697/697/697 695/695/695
f 691/691/691 692/692/692 697/697/697
f 692/692/692 700/700/700 697/697/697
f 693/693/693 700/700/700 692/692/692
f 696/696/696 700/700/700 693/693/693
f 700/700/700 696/696/696 698/698/698
f 699/699/699 700/700/700 698/698/698
f 699/699/699 698/698/698 694/694/694
f 687/687/687 699/699/699 694/694/694
f 687/687/687 694/694/694 686/686/686
f 687/687/687 686/686/686 673/673/673
f 673/673/673 686/686/686 674/674/674
f 686/686/686 685/685/685 674/674/674
f 700/700/700 695/695/695 697/697/697
f 689/689/689 700/700/700 699/699/699
f 688/688/688 689/689/689 699/699/699
f 688/688/688 699/699/699 687/687/687
f 672/672/672 688/688/688 687/687/687
f 672/672/672 687/687/687 673/673/673
f 704/704/704 701/701/701 705/705/705
f 703/703/703 704/704/704 705/705/705
f 702/702/702 703/703/703 705/705/705
f 803/803/803 804/804/804 806/806/806
f 821/821/821 788/788/788 787/787/787
f 787/787/787 788/788/788 789/789/789
f 788/788/788 790/790/790 789/789/789
f 789/789/789 790/790/790 791/791/791
f 790/790/790 792/792/792 791/791/791
f 791/791/791 792/792/792 793/793/793
f 792/792/792 794/794/794 793/793/793
f 793/793/793 794/794/794 796/796/796
f 794/794/794 795/795/795 796/796/796
f 796/796/796 795/795/795 798/798/798
f 795/795/795 797/797/797 798/798/798
f 798/798/798 797/797/797 800/800/800
f 797/797/797 802/802/802 800/800/800
f 800/800/800 802/802/802 799/799/799
f 802/802/802 801/801/801 799/799/799
f 804/804/804 801/801/801 802/802/802
f 805/805/805 804/804/804 802/802/802
f 804/804/804 805/805/805 806/806/806
f 806/806/806 805/805/805 808/808/808
f 821/821/821 818/818/818 822/822/822
f 788/788/788 821/821/821 822/822/822
f 788/788/788 822/822/822 816/816/816
f 790/790/790 788/788/788 816/816/816
f 790/790/790 816/816/816 813/813/813
f 792/792/792 790/790/790 813/813/813
f 792/792/792 813/813/813 812/812/812
f 794/794/794 792/792/792 812/812/812
f 794/794/794 812/812/812 809/809/809
f 795/795/795 794/794/794 809/809/809
f 795/795/795 809/809/809 807/807/807
f 797/797/797 795/795/795 807/807/807
f 805/805/805 802/802/802 797/797/797
f 807/807/807 805/805/805 797/797/797
f 805/805/805 807/807/807 808/808/808
f 808/808/808 807/807/807 810/810/810
f 807/807/807 809/809/809 810/810/810
f 810/810/810 809/809/809 811/811/811
f 809/809/809 812/812/812 811/811/811
f 811/811/811 812/812/812 814/814/814
f 812/812/812 813/813/813 814/814/814
f 814/814/814 813/813/813 815/815/815
f 813/813/813 816/816/816 815/815/815
f 815/815/815 816/816/816 819/819/819
f 816/816/816 822/822/822 819/819/819
f 819/819/819 822/822/822 820/820/820
f 822/822/822 818/818/818 820/820/820
f 820/820/820 818/818/818 817/817/817
f 818/818/818 821/821/821 817/817/817
f 817/817/817 821/821/821 787/787/787
f 666/666/666 668/668/668 665/665/665
f 668/668/668 667/667/667 665/665/665
f 668/668/668 664/664/664 667/667/667
f 664/664/664 663/663/663 667/667/667
f 663/663/663 664/664/664 662/662/662
f 661/661/661 663/663/663 662/662/662
f 661/661/661 662/662/662 660/660/660
f 659/659/659 661/661/661 660/660/660
f 659/659/659 660/660/660 658/658/658
f 657/657/657 659/659/659 658/658/658
f 657/657/657 658/658/658 656/656/656
f 658/658/658 655/655/655 656/656/656
f 655/655/655 654/654/654 656/656/656
f 654/654/654 653/653/653 656/656/656
f 651/651/651 653/653/653 654/654/654
f 652/652/652 651/651/651 654/654/654
f 651/651/651 652/652/652 650/650/650
f 649/649/649 651/651/651 650/650/650
f 649/649/649 650/650/650 648/648/648
f 650/650/650 647/647/647 648/648/648
f 648/648/648 647/647/647 646/646/646
f 647/647/647 645/645/645 646/646/646
f 646/646/646 645/645/645 643/643/643
f 645/645/645 644/644/644 643/643/643
f 642/642/642 643/643/643 644/644/644
f 641/641/641 642/642/642 644/644/644
f 640/640/640 642/642/642 641/641/641
f 639/639/639 640/640/640 641/641/641
f 618/618/618 621/621/621 619/619/619
f 620/620/620 607/607/607 616/616/616
f 620/620/620 606/606/606 607/607/607
f 621/621/621 606/606/606 620/620/620
f 619/619/619 621/621/621 620/620/620
f 620/620/620 618/618/618 619/619/619
f 616/616/616 618/618/618 620/620/620
f 616/616/616 617/617/617 618/618/618
f 615/615/615 617/617/617 616/616/616
f 607/607/607 615/615/615 616/616/616
f 608/608/608 615/615/615 607/607/607
f 607/607/607 594/594/594 608/608/608
f 594/594/594 601/601/601 608/608/608
f 609/609/609 608/608/608 601/601/601
f 602/602/602 609/609/609 601/601/601
f 602/602/602 612/612/612 609/609/609
f 612/612/612 602/602/602 603/603/603
f 614/614/614 612/612/612 603/603/603
f 614/614/614 603/603/603 604/604/604
f 774/774/774 614/614/614 604/604/604
f 774/774/774 604/604/604 605/605/605
f 775/775/775 774/774/774 605/605/605
f 603/603/603 602/602/602 601/601/601
f 632/632/632 633/633/633 630/630/630
f 635/635/635 633/633/633 632/632/632
f 635/635/635 609/609/609 633/633/633
f 635/635/635 637/637/637 609/609/609
f 637/637/637 608/608/608 609/609/609
f 608/608/608 637/637/637 615/615/615
f 636/636/636 615/615/615 637/637/637
f 615/615/615 636/636/636 617/617/617
f 638/638/638 636/636/636 637/637/637
f 638/638/638 637/637/637 635/635/635
f 634/634/634 638/638/638 635/635/635
f 634/634/634 635/635/635 632/632/632
f 631/631/631 629/629/629 630/630/630
f 633/633/633 631/631/631 630/630/630
f 610/610/610 631/631/631 633/633/633
f 609/609/609 610/610/610 633/633/633
f 612/612/612 610/610/610 609/609/609
f 775/775/775 605/605/605 780/780/780
f 778/778/778 775/775/775 780/780/780
f 778/778/778 780/780/780 785/785/785
f 779/779/779 778/778/778 785/785/785
f 777/777/777 778/778/778 779/779/779
f 775/775/775 778/778/778 777/777/777
f 776/776/776 775/775/775 777/777/777
f 774/774/774 775/775/775 776/776/776
f 773/773/773 774/774/774 776/776/776
f 614/614/614 774/774/774 773/773/773
f 613/613/613 614/614/614 773/773/773
f 612/612/612 614/614/614 613/613/613
f 611/611/611 612/612/612 613/613/613
f 610/610/610 612/612/612 611/611/611
f 622/622/622 610/610/610 611/611/611
f 610/610/610 622/622/622 631/631/631
f 622/622/622 627/627/627 631/631/631
f 631/631/631 627/627/627 629/629/629
f 626/626/626 627/627/627 622/622/622
f 626/626/626 622/622/622 623/623/623
f 626/626/626 623/623/623 624/624/624
f 627/627/627 628/628/628 629/629/629
f 627/627/627 626/626/626 628/628/628
f 626/626/626 625/625/625 628/628/628
f 625/625/625 626/626/626 624/624/624
f 628/628/628 625/625/625 624/624/624
f 480/480/480 486/486/486 487/487/487
f 487/487/487 486/486/486 489/489/489
f 484/484/484 487/487/487 489/489/489
f 483/483/483 484/484/484 489/489/489
f 486/486/486 485/485/485 489/489/489
f 501/501/501 502/502/502 503/503/503
f 501/501/501 503/503/503 499/499/499
f 499/499/499 503/503/503 497/497/497
f 503/503/503 498/498/498 497/497/497
f 503/503/503 496/496/496 498/498/498
f 496/496/496 484/484/484 498/498/498
f 482/482/482 484/484/484 496/496/496
f 484/484/484 482/482/482 487/487/487
f 482/482/482 481/481/481 487/487/487
f 481/481/481 480/480/480 487/487/487
f 479/479/479 480/480/480 481/481/481
f 478/478/478 479/479/479 481/481/481
f 477/477/477 479/479/479 478/478/478
f 472/472/472 477/477/477 478/478/478
f 477/477/477 472/472/472 469/469/469
f 472/472/472 473/473/473 469/469/469
f 473/473/473 476/476/476 469/469/469
f 476/476/476 473/473/473 490/490/490
f 488/488/488 478/478/478 481/481/481
f 482/482/482 488/488/488 481/481/481
f 500/500/500 501/501/501 499/499/499
f 494/494/494 482/482/482 496/496/496
f 488/488/488 482/482/482 494/494/494
f 492/492/492 488/488/488 494/494/494
f 502/502/502 496/496/496 503/503/503
f 494/494/494 496/496/496 502/502/502
f 495/495/495 494/494/494 502/502/502
f 492/492/492 494/494/494 495/495/495
f 493/493/493 492/492/492 495/495/495
f 493/493/493 491/491/491 492/492/492
f 491/491/491 490/490/490 492/492/492
f 488/488/488 492/492/492 490/490/490
f 473/473/473 488/488/488 490/490/490
f 488/488/488 473/473/473 478/478/478
f 473/473/473 472/472/472 478/478/478
f 471/471/471 476/476/476 475/475/475
f 476/476/476 471/471/471 469/469/469
f 471/471/471 470/470/470 469/469/469
f 474/474/474 476/476/476 490/490/490
f 476/476/476 474/474/474 475/475/475
f 474/474/474 461/461/461 475/475/475
f 461/461/461 462/462/462 475/475/475
f 462/462/462 463/463/463 475/475/475
f 463/463/463 464/464/464 475/475/475
f 464/464/464 465/465/465 475/475/475
f 465/465/465 471/471/471 475/475/475
f 471/471/471 465/465/465 466/466/466
f 470/470/470 471/471/471 466/466/466
f 467/467/467 470/470/470 466/466/466
f 470/470/470 467/467/467 469/469/469
f 467/467/467 468/468/468 469/469/469
f 468/468/468 477/477/477 469/469/469
f 460/460/460 467/467/467 466/466/466
f 598/598/598 595/595/595 597/597/597
f 591/591/591 595/595/595 598/598/598
f 591/591/591 598/598/598 599/599/599
f 592/592/592 591/591/591 599/599/599
f 592/592/592 599/599/599 600/600/600
f 593/593/593 592/592/592 600/600/600
f 595/595/595 596/596/596 597/597/597
f 596/596/596 782/782/782 597/597/597
f 597/597/597 782/782/782 780/780/780
f 597/597/597 780/780/780 598/598/598
f 780/780/780 605/605/605 598/598/598
f 598/598/598 605/605/605 599/599/599
f 605/605/605 604/604/604 599/599/599
f 599/599/599 604/604/604 600/600/600
f 604/604/604 603/603/603 600/600/600
f 600/600/600 603/603/603 601/601/601
f 593/593/593 600/600/600 601/601/601
f 594/594/594 593/593/593 601/601/601
f 780/780/780 784/784/784 785/785/785
f 780/780/780 782/782/782 784/784/784
f 784/784/784 782/782/782 781/781/781
f 783/783/783 784/784/784 781/781/781
f 783/783/783 786/786/786 784/784/784
f 786/786/786 785/785/785 784/784/784
f 286/286/286 285/285/285 287/287/287
f 288/288/288 286/286/286 287/287/287
f 288/288/288 287/287/287 290/290/290
f 289/289/289 288/288/288 290/290/290
f 293/293/293 289/289/289 290/290/290
f 291/291/291 293/293/293 290/290/290
f 294/294/294 293/293/293 291/291/291
f 292/292/292 294/294/294 291/291/291
f 505/505/505 504/504/504 511/511/511
f 505/505/505 511/511/511 510/510/510
f 516/516/516 506/506/506 507/507/507
f 516/516/516 507/507/507 517/517/517
f 507/507/507 508/508/508 517/517/517
f 513/513/513 517/517/517 508/508/508
f 509/509/509 513/513/513 508/508/508
f 509/509/509 510/510/510 513/513/513
f 510/510/510 512/512/512 513/513/513
f 511/511/511 512/512/512 510/510/510
f 512/512/512 511/511/511 514/514/514
f 512/512/512 514/514/514 513/513/513
f 514/514/514 518/518/518 513/513/513
f 513/513/513 518/518/518 517/517/517
f 518/518/518 515/515/515 517/517/517
f 516/516/516 517/517/517 515/515/515
f 536/536/536 516/516/516 515/515/515
f 536/536/536 522/522/522 516/516/516
f 523/523/523 522/522/522 536/536/536
f 522/522/522 523/523/523 520/520/520
f 522/522/522 506/506/506 516/516/516
f 506/506/506 522/522/522 526/526/526
f 526/526/526 522/522/522 520/520/520
f 526/526/526 520/520/520 531/531/531
f 506/506/506 504/504/504 507/507/507
f 504/504/504 506/506/506 511/511/511
f 511/511/511 506/506/506 526/526/526
f 511/511/511 526/526/526 514/514/514
f 514/514/514 526/526/526 531/531/531
f 514/514/514 531/531/531 518/518/518
f 531/531/531 533/533/533 518/518/518
f 518/518/518 533/533/533 515/515/515
f 533/533/533 535/535/535 515/515/515
f 536/536/536 515/515/515 535/535/535
f 529/529/529 536/536/536 535/535/535
f 529/529/529 523/523/523 536/536/536
f 528/528/528 523/523/523 529/529/529
f 523/523/523 528/528/528 521/521/521
f 521/521/521 528/528/528 527/527/527
f 525/525/525 521/521/521 527/527/527
f 534/534/534 525/525/525 527/527/527
f 534/534/534 524/524/524 525/525/525
f 520/520/520 523/523/523 521/521/521
f 520/520/520 521/521/521 525/525/525
f 531/531/531 520/520/520 525/525/525
f 531/531/531 525/525/525 533/533/533
f 525/525/525 532/532/532 533/533/533
f 533/533/533 532/532/532 535/535/535
f 532/532/532 530/530/530 535/535/535
f 529/529/529 535/535/535 530/530/530
f 537/537/537 529/529/529 530/530/530
f 537/537/537 528/528/528 529/529/529
f 538/538/538 528/528/528 537/537/537
f 528/528/528 538/538/538 527/527/527
f 524/524/524 532/532/532 525/525/525
f 532/532/532 524/524/524 530/530/530
f 524/524/524 540/540/540 530/530/530
f 537/537/537 530/530/530 540/540/540
f 544/544/544 537/537/537 540/540/540
f 544/544/544 538/538/538 537/537/537
f 542/542/542 524/524/524 534/534/534
f 524/524/524 542/542/542 540/540/540
f 540/540/540 542/542/542 541/541/541
f 544/544/544 540/540/540 541/541/541
f 545/545/545 544/544/544 541/541/541
f 545/545/545 543/543/543 544/544/544
f 543/543/543 538/538/538 544/544/544
f 538/538/538 543/543/543 539/539/539
f 527/527/527 538/538/538 539/539/539
f 534/534/534 527/527/527 539/539/539
f 519/519/519 534/534/534 539/539/539
f 519/519/519 542/542/542 534/534/534
f 857/857/857 856/856/856 859/859/859
f 858/858/858 857/857/857 859/859/859
f 861/861/861 858/858/858 859/859/859
f 843/843/843 848/848/848 847/847/847
f 845/845/845 843/843/843 847/847/847
f 845/845/845 847/847/847 844/844/844
f 847/847/847 846/846/846 844/844/844
f 846/846/846 847/847/847 856/856/856
f 847/847/847 855/855/855 856/856/856
f 856/856/856 855/855/855 859/859/859
f 860/860/860 859/859/859 855/855/855
f 861/861/861 859/859/859 860/860/860
f 862/862/862 861/861/861 860/860/860
f 862/862/862 860/860/860 863/863/863
f 867/867/867 862/862/862 863/863/863
f 867/867/867 863/863/863 864/864/864
f 868/868/868 867/867/867 864/864/864
f 868/868/868 864/864/864 866/866/866
f 826/826/826 868/868/868 866/866/866
f 826/826/826 866/866/866 825/825/825
f 827/827/827 826/826/826 825/825/825
f 827/827/827 825/825/825 829/829/829
f 828/828/828 827/827/827 829/829/829
f 852/852/852 824/824/824 866/866/866
f 864/864/864 852/852/852 866/866/866
f 853/853/853 852/852/852 864/864/864
f 863/863/863 853/853/853 864/864/864
f 854/854/854 853/853/853 863/863/863
f 860/860/860 854/854/854 863/863/863
f 854/854/854 860/860/860 855/855/855
f 866/866/866 824/824/824 825/825/825
f 824/824/824 823/823/823 825/825/825
f 825/825/825 823/823/823 829/829/829
f 823/823/823 833/833/833 829/829/829
f 836/836/836 833/833/833 823/823/823
f 838/838/838 836/836/836 823/823/823
f 838/838/838 823/823/823 824/824/824
f 850/850/850 838/838/838 824/824/824
f 850/850/850 824/824/824 852/852/852
f 851/851/851 850/850/850 852/852/852
f 851/851/851 852/852/852 853/853/853
f 849/849/849 851/851/851 853/853/853
f 849/849/849 853/853/853 854/854/854
f 848/848/848 849/849/849 854/854/854
f 848/848/848 854/854/854 855/855/855
f 847/847/847 848/848/848 855/855/855
f 830/830/830 828/828/828 829/829/829
f 831/831/831 830/830/830 829/829/829
f 831/831/831 829/829/829 833/833/833
f 832/832/832 831/831/831 833/833/833
f 833/833/833 836/836/836 832/832/832
f 836/836/836 834/834/834 832/832/832
f 835/835/835 834/834/834 836/836/836
f 837/837/837 835/835/835 836/836/836
f 837/837/837 836/836/836 838/838/838
f 839/839/839 837/837/837 838/838/838
f 839/839/839 838/838/838 850/850/850
f 840/840/840 839/839/839 850/850/850
f 840/840/840 850/850/850 851/851/851
f 841/841/841 840/840/840 851/851/851
f 841/841/841 851/851/851 849/849/849
f 842/842/842 841/841/841 849/849/849
f 842/842/842 849/849/849 848/848/848
f 843/843/843 842/842/842 848/848/848
f 747/747/747 746/746/746 757/757/757
f 759/759/759 747/747/747 757/757/757
f 747/747/747 759/759/759 748/748/748
f 759/759/759 760/760/760 748/748/748
f 748/748/748 760/760/760 749/749/749
f 760/760/760 763/763/763 749/749/749
f 749/749/749 763/763/763 750/750/750
f 763/763/763 765/765/765 750/750/750
f 750/750/750 765/765/765 751/751/751
f 765/765/765 766/766/766 751/751/751
f 751/751/751 766/766/766 752/752/752
f 766/766/766 768/768/768 752/752/752
f 752/752/752 768/768/768 770/770/770
f 768/768/768 771/771/771 770/770/770
f 769/769/769 737/737/737 770/770/770
f 737/737/737 752/752/752 770/770/770
f 737/737/737 738/738/738 752/752/752
f 738/738/738 751/751/751 752/752/752
f 738/738/738 739/739/739 751/751/751
f 739/739/739 750/750/750 751/751/751
f 739/739/739 740/740/740 750/750/750
f 740/740/740 749/749/749 750/750/750
f 740/740/740 741/741/741 749/749/749
f 741/741/741 748/748/748 749/749/749
f 741/741/741 742/742/742 748/748/748
f 742/742/742 747/747/747 748/748/748
f 742/742/742 743/743/743 747/747/747
f 743/743/743 746/746/746 747/747/747
f 743/743/743 744/744/744 746/746/746
f 744/744/744 745/745/745 746/746/746
f 746/746/746 745/745/745 755/755/755
f 757/757/757 746/746/746 755/755/755
f 753/753/753 754/754/754 755/755/755
f 754/754/754 757/757/757 755/755/755
f 754/754/754 756/756/756 757/757/757
f 756/756/756 759/759/759 757/757/757
f 756/756/756 758/758/758 759/759/759
f 758/758/758 760/760/760 759/759/759
f 758/758/758 761/761/761 760/760/760
f 761/761/761 763/763/763 760/760/760
f 761/761/761 762/762/762 763/763/763
f 762/762/762 765/765/765 763/763/763
f 762/762/762 764/764/764 765/765/765
f 764/764/764 766/766/766 765/765/765
f 764/764/764 767/767/767 766/766/766
f 767/767/767 768/768/768 766/766/766
f 767/767/767 772/772/772 768/768/768
f 772/772/772 771/771/771 768/768/768
f 772/772/772 769/769/769 771/771/771
f 769/769/769 770/770/770 771/771/771
f 450/450/450 444/444/444 453/453/453
f 455/455/455 439/439/439 456/456/456
f 440/440/440 439/439/439 455/455/455
f 453/453/453 440/440/440 455/455/455
f 453/453/453 455/455/455 451/451/451
f 450/450/450 453/453/453 451/451/451
f 450/450/450 451/451/451 445/445/445
f 459/459/459 450/450/450 445/445/445
f 459/459/459 445/445/445 446/446/446
f 458/458/458 459/459/459 446/446/446
f 458/458/458 446/446/446 449/449/449
f 428/428/428 458/458/458 449/449/449
f 428/428/428 449/449/449 436/436/436
f 449/449/449 452/452/452 436/436/436
f 436/436/436 452/452/452 437/437/437
f 452/452/452 454/454/454 437/437/437
f 437/437/437 454/454/454 434/434/434
f 454/454/454 448/448/448 434/434/434
f 434/434/434 448/448/448 435/435/435
f 451/451/451 455/455/455 456/456/456
f 445/445/445 451/451/451 456/456/456
f 446/446/446 445/445/445 456/456/456
f 449/449/449 446/446/446 456/456/456
f 449/449/449 456/456/456 452/452/452
f 452/452/452 456/456/456 454/454/454
f 454/454/454 456/456/456 448/448/448
f 448/448/448 456/456/456 441/441/441
f 441/441/441 456/456/456 447/447/447
f 447/447/447 456/456/456 443/443/443
f 443/443/443 456/456/456 442/442/442
f 434/434/434 435/435/435 431/431/431
f 436/436/436 437/437/437 433/433/433
f 458/458/458 457/457/457 459/459/459
f 448/448/448 441/441/441 435/435/435
f 435/435/435 441/441/441 429/429/429
f 441/441/441 447/447/447 429/429/429
f 429/429/429 447/447/447 430/430/430
f 447/447/447 443/443/443 430/430/430
f 430/430/430 443/443/443 432/432/432
f 443/443/443 442/442/442 432/432/432
f 432/432/432 442/442/442 438/438/438
f 438/438/438 442/442/442 456/456/456
f 439/439/439 438/438/438 456/456/456
f 426/426/426 438/438/438 439/439/439
f 440/440/440 426/426/426 439/439/439
f 440/440/440 425/425/425 426/426/426
f 425/425/425 427/427/427 426/426/426
f 427/427/427 432/432/432 426/426/426
f 430/430/430 432/432/432 427/427/427
f 424/424/424 430/430/430 427/427/427
f 429/429/429 430/430/430 424/424/424
f 426/426/426 432/432/432 438/438/438
f 370/370/370 371/371/371 368/368/368
f 371/371/371 370/370/370 372/372/372
f 343/343/343 332/332/332 334/334/334
f 345/345/345 343/343/343 334/334/334
f 345/345/345 334/334/334 336/336/336
f 346/346/346 345/345/345 336/336/336
f 346/346/346 336/336/336 329/329/329
f 354/354/354 346/346/346 329/329/329
f 354/354/354 329/329/329 328/328/328
f 353/353/353 354/354/354 328/328/328
f 353/353/353 328/328/328 327/327/327
f 351/351/351 353/353/353 327/327/327
f 351/351/351 327/327/327 325/325/325
f 310/310/310 351/351/351 325/325/325
f 310/310/310 325/325/325 320/320/320
f 321/321/321 310/310/310 320/320/320
f 333/333/333 329/329/329 336/336/336
f 337/337/337 333/333/333 336/336/336
f 337/337/337 336/336/336 334/334/334
f 331/331/331 337/337/337 334/334/334
f 331/331/331 334/334/334 332/332/332
f 330/330/330 331/331/331 332/332/332
f 344/344/344 330/330/330 332/332/332
f 343/343/343 344/344/344 332/332/332
f 358/358/358 344/344/344 343/343/343
f 358/358/358 343/343/343 345/345/345
f 356/356/356 358/358/358 345/345/345
f 356/356/356 345/345/345 346/346/346
f 352/352/352 356/356/356 346/346/346
f 352/352/352 346/346/346 354/354/354
f 357/357/357 352/352/352 354/354/354
f 357/357/357 354/354/354 353/353/353
f 355/355/355 357/357/357 353/353/353
f 355/355/355 353/353/353 351/351/351
f 301/301/301 300/300/300 338/338/338
f 338/338/338 300/300/300 340/340/340
f 300/300/300 299/299/299 340/340/340
f 340/340/340 299/299/299 339/339/339
f 299/299/299 298/298/298 339/339/339
f 339/339/339 298/298/298 341/341/341
f 350/350/350 339/339/339 341/341/341
f 350/350/350 341/341/341 342/342/342
f 350/350/350 342/342/342 344/344/344
f 350/350/350 344/344/344 358/358/358
f 350/350/350 358/358/358 356/356/356
f 347/347/347 350/350/350 356/356/356
f 347/347/347 356/356/356 352/352/352
f 348/348/348 347/347/347 352/352/352
f 348/348/348 352/352/352 357/357/357
f 349/349/349 348/348/348 357/357/357
f 349/349/349 357/357/357 355/355/355
f 313/313/313 349/349/349 355/355/355
f 313/313/313 355/355/355 311/311/311
f 306/306/306 313/313/313 311/311/311
f 306/306/306 311/311/311 309/309/309
f 308/308/308 306/306/306 309/309/309
f 308/308/308 307/307/307 306/306/306
f 307/307/307 304/304/304 306/306/306
f 306/306/306 304/304/304 313/313/313
f 304/304/304 312/312/312 313/313/313
f 313/313/313 312/312/312 349/349/349
f 312/312/312 335/335/335 349/349/349
f 349/349/349 335/335/335 348/348/348
f 335/335/335 338/338/338 348/348/348
f 348/348/348 338/338/338 347/347/347
f 338/338/338 340/340/340 347/347/347
f 347/347/347 340/340/340 350/350/350
f 340/340/340 339/339/339 350/350/350
f 311/311/311 355/355/355 351/351/351
f 311/311/311 351/351/351 310/310/310
f 309/309/309 311/311/311 310/310/310
f 309/309/309 310/310/310 321/321/321
f 324/324/324 309/309/309 321/321/321
f 308/308/308 309/309/309 324/324/324
f 865/865/865 308/308/308 324/324/324
f 865/865/865 870/870/870 308/308/308
f 870/870/870 307/307/307 308/308/308
f 870/870/870 871/871/871 307/307/307
f 871/871/871 305/305/305 307/307/307
f 307/307/307 305/305/305 304/304/304
f 305/305/305 303/303/303 304/304/304
f 304/304/304 303/303/303 312/312/312
f 303/303/303 302/302/302 312/312/312
f 312/312/312 302/302/302 335/335/335
f 302/302/302 301/301/301 335/335/335
f 335/335/335 301/301/301 338/338/338
f 870/870/870 865/865/865 869/869/869
f 865/865/865 326/326/326 869/869/869
f 323/323/323 326/326/326 865/865/865
f 324/324/324 323/323/323 865/865/865
f 322/322/322 323/323/323 324/324/324
f 321/321/321 322/322/322 324/324/324
f 319/319/319 322/322/322 321/321/321
f 320/320/320 319/319/319 321/321/321
f 318/318/318 319/319/319 320/320/320
f 317/317/317 318/318/318 320/320/320
f 317/317/317 320/320/320 325/325/325
f 316/316/316 317/317/317 325/325/325
f 316/316/316 325/325/325 327/327/327
f 315/315/315 316/316/316 327/327/327
f 315/315/315 327/327/327 328/328/328
f 314/314/314 315/315/315 328/328/328
f 314/314/314 328/328/328 329/329/329
f 333/333/333 314/314/314 329/329/329
f 871/871/871 875/875/875 305/305/305
f 875/875/875 878/878/878 305/305/305
f 305/305/305 878/878/878 303/303/303
f 878/878/878 880/880/880 303/303/303
f 303/303/303 880/880/880 302/302/302
f 880/880/880 881/881/881 302/302/302
f 302/302/302 881/881/881 301/301/301
f 881/881/881 884/884/884 301/301/301
f 301/301/301 884/884/884 300/300/300
f 884/884/884 883/883/883 300/300/300
f 300/300/300 883/883/883 299/299/299
f 883/883/883 886/886/886 299/299/299
f 299/299/299 886/886/886 298/298/298
f 886/886/886 297/297/297 298/298/298
f 298/298/298 297/297/297 341/341/341
f 341/341/341 297/297/297 296/296/296
f 296/296/296 297/297/297 295/295/295
f 297/297/297 886/886/886 295/295/295
f 295/295/295 886/886/886 885/885/885
f 886/886/886 883/883/883 885/885/885
f 885/885/885 883/883/883 887/887/887
f 883/883/883 884/884/884 887/887/887
f 887/887/887 884/884/884 882/882/882
f 884/884/884 881/881/881 882/882/882
f 882/882/882 881/881/881 879/879/879
f 881/881/881 880/880/880 879/879/879
f 879/879/879 880/880/880 877/877/877
f 880/880/880 878/878/878 877/877/877
f 877/877/877 878/878/878 876/876/876
f 878/878/878 875/875/875 876/876/876
f 876/876/876 875/875/875 873/873/873
f 875/875/875 874/874/874 873/873/873
f 875/875/875 871/871/871 874/874/874
f 871/871/871 872/872/872 874/874/874
f 871/871/871 870/870/870 872/872/872
f 870/870/870 869/869/869 872/872/872
f 580/580/580 576/576/576 566/566/566
f 566/566/566 576/576/576 574/574/574
f 569/569/569 566/566/566 574/574/574
f 567/567/567 566/566/566 569/569/569
f 565/565/565 567/567/567 569/569/569
f 571/571/571 567/567/567 565/565/565
f 564/564/564 571/571/571 565/565/565
f 568/568/568 571/571/571 564/564/564
f 563/563/563 568/568/568 564/564/564
f 570/570/570 568/568/568 563/563/563
f 569/569/569 574/574/574 572/572/572
f 572/572/572 574/574/574 573/573/573
f 574/574/574 575/575/575 573/573/573
f 577/577/577 575/575/575 574/574/574
f 576/576/576 577/577/577 574/574/574
f 577/577/577 576/576/576 579/579/579
f 576/576/576 580/580/580 579/579/579
f 579/579/579 580/580/580 578/578/578
f 580/580/580 581/581/581 578/578/578
f 581/581/581 580/580/580 583/583/583
f 580/580/580 582/582/582 583/583/583
f 583/583/583 582/582/582 585/585/585
f 582/582/582 584/584/584 585/585/585
f 585/585/585 584/584/584 587/587/587
f 584/584/584 586/586/586 587/587/587
f 587/587/587 586/586/586 588/588/588
f 586/586/586 589/589/589 588/588/588
f 588/588/588 589/589/589 590/590/590
f 589/589/589 561/561/561 590/590/590
f 590/590/590 561/561/561 547/547/547
f 561/561/561 548/548/548 547/547/547
f 547/547/547 548/548/548 546/546/546
f 548/548/548 549/549/549 546/546/546
f 549/549/549 548/548/548 558/558/558
f 548/548/548 562/562/562 558/558/558
f 562/562/562 548/548/548 561/561/561
f 570/570/570 562/562/562 561/561/561
f 561/561/561 589/589/589 570/570/570
f 589/589/589 568/568/568 570/570/570
f 589/589/589 586/586/586 568/568/568
f 586/586/586 571/571/571 568/568/568
f 586/586/586 584/584/584 571/571/571
f 584/584/584 567/567/567 571/571/571
f 584/584/584 582/582/582 567/567/567
f 582/582/582 566/566/566 567/567/567
f 582/582/582 580/580/580 566/566/566
f 560/560/560 570/570/570 563/563/563
f 562/562/562 570/570/570 560/560/560
f 557/557/557 562/562/562 560/560/560
f 558/558/558 562/562/562 557/557/557
f 559/559/559 558/558/558 557/557/557
f 556/556/556 559/559/559 557/557/557
f 555/555/555 556/556/556 557/557/557
f 555/555/555 557/557/557 554/554/554
f 557/557/557 560/560/560 554/554/554
f 554/554/554 560/560/560 550/550/550
f 560/560/560 563/563/563 550/550/550
f 550/550/550 563/563/563 551/551/551
f 563/563/563 564/564/564 551/551/551
f 551/551/551 564/564/564 552/552/552
f 564/564/564 565/565/565 552/552/552
f 552/552/552 565/565/565 553/553/553
f 565/565/565 569/569/569 553/553/553
f 553/553/553 569/569/569 572/572/572
